<?xml version="1.0" encoding="UTF-8"?>
<metadata xml:lang="en">
  <Esri>
    <CreaDate>20150910</CreaDate>
    <CreaTime>11550000</CreaTime>
    <ArcGISFormat>1.0</ArcGISFormat>
    <SyncOnce>TRUE</SyncOnce>
    <ArcGISProfile>ItemDescription</ArcGISProfile>
  </Esri>
  <tool name="tool_12" displayname="Change Grid Values">
    <parameters>
      <param name="INPUT" displayname="Grid" type="Required" direction="Input">
        <dialogReference>&lt;p&gt;Grid&lt;/p&gt;&lt;p&gt;Grid (input)&lt;/p&gt;</dialogReference>
      </param>
      <param name="OUTPUT" displayname="Changed Grid" type="Optional" direction="Output">
        <dialogReference>&lt;p&gt;Changed Grid&lt;/p&gt;&lt;p&gt;Grid (optional output)&lt;/p&gt;&lt;p&gt;optional&lt;/p&gt;</dialogReference>
      </param>
      <param name="METHOD" displayname="Replace Condition" type="Optional" direction="Output">
        <dialogReference>&lt;p&gt;Replace Condition&lt;/p&gt;&lt;p&gt;Choice&lt;/p&gt;&lt;p&gt;Available Choices:&lt;/p&gt;&lt;p&gt;[0] identity&lt;/p&gt;&lt;p&gt;[1] range&lt;/p&gt;&lt;p&gt;[2] synchronize look-up table classification&lt;/p&gt;&lt;p&gt;Default: 0&lt;/p&gt;</dialogReference>
      </param>
      <param name="IDENTITY" displayname="Lookup Table" type="Optional" direction="Output">
        <dialogReference>&lt;p&gt;Lookup Table&lt;/p&gt;&lt;p&gt;Static table&lt;/p&gt;&lt;p&gt;2 Fields:&lt;/p&gt;&lt;p&gt;- 1. [8 byte floating point number] New Value&lt;/p&gt;&lt;p&gt;- 2. [8 byte floating point number] Value&lt;/p&gt;&lt;p&gt;&lt;/p&gt;</dialogReference>
      </param>
      <param name="RANGE" displayname="Lookup Table" type="Optional" direction="Output">
        <dialogReference>&lt;p&gt;Lookup Table&lt;/p&gt;&lt;p&gt;Static table&lt;/p&gt;&lt;p&gt;3 Fields:&lt;/p&gt;&lt;p&gt;- 1. [8 byte floating point number] New Value&lt;/p&gt;&lt;p&gt;- 2. [8 byte floating point number] Minimum&lt;/p&gt;&lt;p&gt;- 3. [8 byte floating point number] Maximum&lt;/p&gt;&lt;p&gt;&lt;/p&gt;</dialogReference>
      </param>
      <param name="GRID" displayname="Grid Classification" type="Required" direction="Input">
        <dialogReference>&lt;p&gt;Grid Classification&lt;/p&gt;&lt;p&gt;Grid (input)&lt;/p&gt;&lt;p&gt;Synchronize with look-up table classification of another grid (gui only).&lt;/p&gt;</dialogReference>
      </param>
    </parameters>
  </tool>
  <dataIdInfo>
    <idCitation>
      <resTitle>Change Grid Values</resTitle>
    </idCitation>
    <idCredit>O.Conrad (c) 2001</idCredit>
    <searchKeys>
      <SAGA></SAGA>
    </searchKeys>
  </dataIdInfo>
</metadata>
