<?xml version="1.0" encoding="UTF-8"?>
<metadata xml:lang="en">
  <Esri>
    <CreaDate>20150910</CreaDate>
    <CreaTime>11550000</CreaTime>
    <ArcGISFormat>1.0</ArcGISFormat>
    <SyncOnce>TRUE</SyncOnce>
    <ArcGISProfile>ItemDescription</ArcGISProfile>
  </Esri>
  <tool name="tool_5" displayname="Filter Clumps">
    <parameters>
      <param name="GRID" displayname="Input Grid" type="Required" direction="Input">
        <dialogReference>&lt;p&gt;Input Grid&lt;/p&gt;&lt;p&gt;Grid (input)&lt;/p&gt;</dialogReference>
      </param>
      <param name="OUTPUT" displayname="Filtered Grid" type="Required" direction="Output">
        <dialogReference>&lt;p&gt;Filtered Grid&lt;/p&gt;&lt;p&gt;Grid (output)&lt;/p&gt;</dialogReference>
      </param>
      <param name="THRESHOLD" displayname="Min. Size" type="Optional" direction="Output">
        <dialogReference>&lt;p&gt;Min. Size&lt;/p&gt;&lt;p&gt;Integer&lt;/p&gt;&lt;p&gt;Default: 10&lt;/p&gt;&lt;p&gt;Min. Size (Cells)&lt;/p&gt;</dialogReference>
      </param>
    </parameters>
  </tool>
  <dataIdInfo>
    <idCitation>
      <resTitle>Filter Clumps</resTitle>
    </idCitation>
    <idCredit></idCredit>
    <searchKeys>
      <SAGA></SAGA>
    </searchKeys>
  </dataIdInfo>
</metadata>
