<?xml version="1.0" encoding="UTF-8"?>
<metadata xml:lang="en">
  <Esri>
    <CreaDate>20150910</CreaDate>
    <CreaTime>11550000</CreaTime>
    <ArcGISFormat>1.0</ArcGISFormat>
    <SyncOnce>TRUE</SyncOnce>
    <ArcGISProfile>ItemDescription</ArcGISProfile>
  </Esri>
  <tool name="tool_27" displayname="Shrink and Expand">
    <parameters>
      <param name="INPUT" displayname="Grid" type="Required" direction="Input">
        <dialogReference>&lt;p&gt;Grid&lt;/p&gt;&lt;p&gt;Grid (input)&lt;/p&gt;</dialogReference>
      </param>
      <param name="RESULT" displayname="Result Grid" type="Optional" direction="Output">
        <dialogReference>&lt;p&gt;Result Grid&lt;/p&gt;&lt;p&gt;Grid (optional output)&lt;/p&gt;&lt;p&gt;optional&lt;/p&gt;</dialogReference>
      </param>
      <param name="OPERATION" displayname="Operation" type="Optional" direction="Output">
        <dialogReference>&lt;p&gt;Operation&lt;/p&gt;&lt;p&gt;Choice&lt;/p&gt;&lt;p&gt;Available Choices:&lt;/p&gt;&lt;p&gt;[0] shrink&lt;/p&gt;&lt;p&gt;[1] expand&lt;/p&gt;&lt;p&gt;[2] shrink and expand&lt;/p&gt;&lt;p&gt;[3] expand and shrink&lt;/p&gt;&lt;p&gt;Default: 3&lt;/p&gt;</dialogReference>
      </param>
      <param name="CIRCLE" displayname="Search Mode" type="Optional" direction="Output">
        <dialogReference>&lt;p&gt;Search Mode&lt;/p&gt;&lt;p&gt;Choice&lt;/p&gt;&lt;p&gt;Available Choices:&lt;/p&gt;&lt;p&gt;[0] Square&lt;/p&gt;&lt;p&gt;[1] Circle&lt;/p&gt;&lt;p&gt;Default: 1&lt;/p&gt;</dialogReference>
      </param>
      <param name="RADIUS" displayname="Radius" type="Optional" direction="Output">
        <dialogReference>&lt;p&gt;Radius&lt;/p&gt;&lt;p&gt;Integer&lt;/p&gt;&lt;p&gt;Minimum: 1&lt;/p&gt;&lt;p&gt;Default: 1&lt;/p&gt;</dialogReference>
      </param>
      <param name="EXPAND" displayname="Method" type="Optional" direction="Output">
        <dialogReference>&lt;p&gt;Method&lt;/p&gt;&lt;p&gt;Choice&lt;/p&gt;&lt;p&gt;Available Choices:&lt;/p&gt;&lt;p&gt;[0] minimum&lt;/p&gt;&lt;p&gt;[1] maximum&lt;/p&gt;&lt;p&gt;[2] mean&lt;/p&gt;&lt;p&gt;[3] majority&lt;/p&gt;&lt;p&gt;Default: 3&lt;/p&gt;</dialogReference>
      </param>
    </parameters>
  </tool>
  <dataIdInfo>
    <idCitation>
      <resTitle>Shrink and Expand</resTitle>
    </idCitation>
    <idCredit>V.Wichmann & O.Conrad (c) 2011</idCredit>
    <searchKeys>
      <SAGA></SAGA>
    </searchKeys>
  </dataIdInfo>
</metadata>
