<?xml version="1.0" encoding="UTF-8"?>
<metadata xml:lang="en">
  <Esri>
    <CreaDate>20150910</CreaDate>
    <CreaTime>11550000</CreaTime>
    <ArcGISFormat>1.0</ArcGISFormat>
    <SyncOnce>TRUE</SyncOnce>
    <ArcGISProfile>ItemDescription</ArcGISProfile>
  </Esri>
  <tool name="tool_0" displayname="Thin Plate Spline">
    <parameters>
      <param name="SHAPES" displayname="Points" type="Required" direction="Input">
        <dialogReference>&lt;p&gt;Points&lt;/p&gt;&lt;p&gt;Shapes (input)&lt;/p&gt;</dialogReference>
      </param>
      <param name="FIELD" displayname="Attribute" type="Optional" direction="Output">
        <dialogReference>&lt;p&gt;Attribute&lt;/p&gt;&lt;p&gt;Table field&lt;/p&gt;</dialogReference>
      </param>
      <param name="TARGET_USER_SIZE" displayname="Cellsize" type="Optional" direction="Output">
        <dialogReference>&lt;p&gt;Cellsize&lt;/p&gt;&lt;p&gt;Floating point&lt;/p&gt;&lt;p&gt;Minimum: 0.000000&lt;/p&gt;&lt;p&gt;Default: 1.000000&lt;/p&gt;</dialogReference>
      </param>
      <param name="TARGET_OUT_GRID" displayname="Target Grid" type="Required" direction="Output">
        <dialogReference>&lt;p&gt;Target Grid&lt;/p&gt;&lt;p&gt;Grid (output)&lt;/p&gt;</dialogReference>
      </param>
      <param name="REGULARISATION" displayname="Regularisation" type="Optional" direction="Output">
        <dialogReference>&lt;p&gt;Regularisation&lt;/p&gt;&lt;p&gt;Floating point&lt;/p&gt;&lt;p&gt;Minimum: 0.000000&lt;/p&gt;&lt;p&gt;Default: 0.000100&lt;/p&gt;</dialogReference>
      </param>
      <param name="SEARCH_RANGE" displayname="Search Range" type="Optional" direction="Output">
        <dialogReference>&lt;p&gt;Search Range&lt;/p&gt;&lt;p&gt;Choice&lt;/p&gt;&lt;p&gt;Available Choices:&lt;/p&gt;&lt;p&gt;[0] local&lt;/p&gt;&lt;p&gt;[1] global&lt;/p&gt;&lt;p&gt;Default: 0&lt;/p&gt;</dialogReference>
      </param>
      <param name="SEARCH_RADIUS" displayname="Maximum Search Distance" type="Optional" direction="Output">
        <dialogReference>&lt;p&gt;Maximum Search Distance&lt;/p&gt;&lt;p&gt;Floating point&lt;/p&gt;&lt;p&gt;Minimum: 0.000000&lt;/p&gt;&lt;p&gt;Default: 1000.000000&lt;/p&gt;&lt;p&gt;local maximum search distance given in map units&lt;/p&gt;</dialogReference>
      </param>
      <param name="SEARCH_POINTS_ALL" displayname="Number of Points" type="Optional" direction="Output">
        <dialogReference>&lt;p&gt;Number of Points&lt;/p&gt;&lt;p&gt;Choice&lt;/p&gt;&lt;p&gt;Available Choices:&lt;/p&gt;&lt;p&gt;[0] maximum number of nearest points&lt;/p&gt;&lt;p&gt;[1] all points within search distance&lt;/p&gt;&lt;p&gt;Default: 0&lt;/p&gt;</dialogReference>
      </param>
      <param name="SEARCH_POINTS_MIN" displayname="Minimum" type="Optional" direction="Output">
        <dialogReference>&lt;p&gt;Minimum&lt;/p&gt;&lt;p&gt;Integer&lt;/p&gt;&lt;p&gt;Minimum: 1&lt;/p&gt;&lt;p&gt;Default: 16&lt;/p&gt;&lt;p&gt;minimum number of points to use&lt;/p&gt;</dialogReference>
      </param>
      <param name="SEARCH_POINTS_MAX" displayname="Maximum" type="Optional" direction="Output">
        <dialogReference>&lt;p&gt;Maximum&lt;/p&gt;&lt;p&gt;Integer&lt;/p&gt;&lt;p&gt;Minimum: 1&lt;/p&gt;&lt;p&gt;Default: 20&lt;/p&gt;&lt;p&gt;maximum number of nearest points&lt;/p&gt;</dialogReference>
      </param>
      <param name="SEARCH_DIRECTION" displayname="Direction" type="Optional" direction="Output">
        <dialogReference>&lt;p&gt;Direction&lt;/p&gt;&lt;p&gt;Choice&lt;/p&gt;&lt;p&gt;Available Choices:&lt;/p&gt;&lt;p&gt;[0] all directions&lt;/p&gt;&lt;p&gt;[1] quadrants&lt;/p&gt;&lt;p&gt;Default: 0&lt;/p&gt;</dialogReference>
      </param>
    </parameters>
  </tool>
  <dataIdInfo>
    <idCitation>
      <resTitle>Thin Plate Spline</resTitle>
    </idCitation>
    <idCredit>O.Conrad (c) 2006</idCredit>
    <searchKeys>
      <SAGA></SAGA>
    </searchKeys>
  </dataIdInfo>
</metadata>
