<?xml version="1.0" encoding="UTF-8"?>
<metadata xml:lang="en">
  <Esri>
    <CreaDate>20150910</CreaDate>
    <CreaTime>11550000</CreaTime>
    <ArcGISFormat>1.0</ArcGISFormat>
    <SyncOnce>TRUE</SyncOnce>
    <ArcGISProfile>ItemDescription</ArcGISProfile>
  </Esri>
  <tool name="tool_17" displayname="Fractal Brownian Noise">
    <parameters>
      <param name="DEFINITION" displayname="Target Grid System" type="Optional" direction="Output">
        <dialogReference>&lt;p&gt;Target Grid System&lt;/p&gt;&lt;p&gt;Choice&lt;/p&gt;&lt;p&gt;Available Choices:&lt;/p&gt;&lt;p&gt;[0] user defined&lt;/p&gt;&lt;p&gt;[1] grid or grid system&lt;/p&gt;&lt;p&gt;Default: 0&lt;/p&gt;</dialogReference>
      </param>
      <param name="USER_SIZE" displayname="Cellsize" type="Optional" direction="Output">
        <dialogReference>&lt;p&gt;Cellsize&lt;/p&gt;&lt;p&gt;Floating point&lt;/p&gt;&lt;p&gt;Minimum: 0.000000&lt;/p&gt;&lt;p&gt;Default: 1.000000&lt;/p&gt;</dialogReference>
      </param>
      <param name="USER_XMIN" displayname="Left" type="Optional" direction="Output">
        <dialogReference>&lt;p&gt;Left&lt;/p&gt;&lt;p&gt;Floating point&lt;/p&gt;&lt;p&gt;Default: 0.000000&lt;/p&gt;</dialogReference>
      </param>
      <param name="USER_XMAX" displayname="Right" type="Optional" direction="Output">
        <dialogReference>&lt;p&gt;Right&lt;/p&gt;&lt;p&gt;Floating point&lt;/p&gt;&lt;p&gt;Default: 100.000000&lt;/p&gt;</dialogReference>
      </param>
      <param name="USER_YMIN" displayname="Bottom" type="Optional" direction="Output">
        <dialogReference>&lt;p&gt;Bottom&lt;/p&gt;&lt;p&gt;Floating point&lt;/p&gt;&lt;p&gt;Default: 0.000000&lt;/p&gt;</dialogReference>
      </param>
      <param name="USER_YMAX" displayname="Top" type="Optional" direction="Output">
        <dialogReference>&lt;p&gt;Top&lt;/p&gt;&lt;p&gt;Floating point&lt;/p&gt;&lt;p&gt;Default: 100.000000&lt;/p&gt;</dialogReference>
      </param>
      <param name="USER_COLS" displayname="Columns" type="Required" direction="Output">
        <dialogReference>&lt;p&gt;Columns&lt;/p&gt;&lt;p&gt;Integer&lt;/p&gt;</dialogReference>
      </param>
      <param name="USER_ROWS" displayname="Rows" type="Required" direction="Output">
        <dialogReference>&lt;p&gt;Rows&lt;/p&gt;&lt;p&gt;Integer&lt;/p&gt;</dialogReference>
      </param>
      <param name="USER_FITS" displayname="Fit" type="Optional" direction="Output">
        <dialogReference>&lt;p&gt;Fit&lt;/p&gt;&lt;p&gt;Choice&lt;/p&gt;&lt;p&gt;Available Choices:&lt;/p&gt;&lt;p&gt;[0] nodes&lt;/p&gt;&lt;p&gt;[1] cells&lt;/p&gt;&lt;p&gt;Default: 0&lt;/p&gt;</dialogReference>
      </param>
      <param name="TEMPLATE" displayname="Target System" type="Optional" direction="Input">
        <dialogReference>&lt;p&gt;Target System&lt;/p&gt;&lt;p&gt;Grid (optional input)&lt;/p&gt;&lt;p&gt;optional&lt;/p&gt;&lt;p&gt;use this grid's system for output grids&lt;/p&gt;</dialogReference>
      </param>
      <param name="OUT_GRID" displayname="Fractal Brownian Noise" type="Required" direction="Output">
        <dialogReference>&lt;p&gt;Fractal Brownian Noise&lt;/p&gt;&lt;p&gt;Grid (output)&lt;/p&gt;</dialogReference>
      </param>
      <param name="SCALING" displayname="Scaling" type="Optional" direction="Output">
        <dialogReference>&lt;p&gt;Scaling&lt;/p&gt;&lt;p&gt;Choice&lt;/p&gt;&lt;p&gt;Available Choices:&lt;/p&gt;&lt;p&gt;[0] linear&lt;/p&gt;&lt;p&gt;[1] geometric&lt;/p&gt;&lt;p&gt;Default: 1&lt;/p&gt;</dialogReference>
      </param>
      <param name="MAX_SCALE" displayname="Maximum Scale" type="Optional" direction="Output">
        <dialogReference>&lt;p&gt;Maximum Scale&lt;/p&gt;&lt;p&gt;Floating point&lt;/p&gt;&lt;p&gt;Minimum: 0.000000&lt;/p&gt;&lt;p&gt;Default: 1.000000&lt;/p&gt;</dialogReference>
      </param>
      <param name="STEPS" displayname="Steps" type="Optional" direction="Output">
        <dialogReference>&lt;p&gt;Steps&lt;/p&gt;&lt;p&gt;Integer&lt;/p&gt;&lt;p&gt;Minimum: 1&lt;/p&gt;&lt;p&gt;Default: 8&lt;/p&gt;</dialogReference>
      </param>
      <param name="RANGE_MIN" displayname="Minimum" type="Optional" direction="Output">
        <dialogReference>&lt;p&gt;Minimum&lt;/p&gt;&lt;p&gt;Floating point&lt;/p&gt;&lt;p&gt;Default: -1.000000&lt;/p&gt;</dialogReference>
      </param>
      <param name="RANGE_MAX" displayname="Maximum" type="Optional" direction="Output">
        <dialogReference>&lt;p&gt;Maximum&lt;/p&gt;&lt;p&gt;Floating point&lt;/p&gt;&lt;p&gt;Default: 1.000000&lt;/p&gt;</dialogReference>
      </param>
    </parameters>
  </tool>
  <dataIdInfo>
    <idCitation>
      <resTitle>Fractal Brownian Noise</resTitle>
    </idCitation>
    <idCredit>A.Jack, O.Conrad (c) 2017</idCredit>
    <searchKeys>
      <SAGA></SAGA>
    </searchKeys>
  </dataIdInfo>
</metadata>
