<?xml version="1.0" encoding="UTF-8"?>
<metadata xml:lang="en">
  <Esri>
    <CreaDate>20150910</CreaDate>
    <CreaTime>11550000</CreaTime>
    <ArcGISFormat>1.0</ArcGISFormat>
    <SyncOnce>TRUE</SyncOnce>
    <ArcGISProfile>ItemDescription</ArcGISProfile>
  </Esri>
  <tool name="tool_8" displayname="Ordered Weighted Averaging (OWA)">
    <parameters>
      <param name="GRIDS" displayname="Input Grids" type="Required" direction="Input">
        <dialogReference>&lt;p&gt;Input Grids&lt;/p&gt;&lt;p&gt;Grid list (input)&lt;/p&gt;&lt;p&gt;Input Grids&lt;/p&gt;</dialogReference>
      </param>
      <param name="WEIGHTS" displayname="Weights" type="Optional" direction="Output">
        <dialogReference>&lt;p&gt;Weights&lt;/p&gt;&lt;p&gt;Static table&lt;/p&gt;&lt;p&gt;1 Fields:&lt;/p&gt;&lt;p&gt;- 1. [8 byte floating point number] Weight&lt;/p&gt;&lt;p&gt;&lt;/p&gt;</dialogReference>
      </param>
      <param name="OUTPUT" displayname="Output Grid" type="Required" direction="Output">
        <dialogReference>&lt;p&gt;Output Grid&lt;/p&gt;&lt;p&gt;Grid (output)&lt;/p&gt;</dialogReference>
      </param>
    </parameters>
  </tool>
  <dataIdInfo>
    <idCitation>
      <resTitle>Ordered Weighted Averaging (OWA)</resTitle>
    </idCitation>
    <idCredit></idCredit>
    <searchKeys>
      <SAGA></SAGA>
    </searchKeys>
  </dataIdInfo>
</metadata>
