<?xml version="1.0" encoding="UTF-8"?>
<metadata xml:lang="en">
  <Esri>
    <CreaDate>20150910</CreaDate>
    <CreaTime>11550000</CreaTime>
    <ArcGISFormat>1.0</ArcGISFormat>
    <SyncOnce>TRUE</SyncOnce>
    <ArcGISProfile>ItemDescription</ArcGISProfile>
  </Esri>
  <tool name="tool_11" displayname="Resampling Filter">
    <parameters>
      <param name="GRID" displayname="Grid" type="Required" direction="Input">
        <dialogReference>&lt;p&gt;Grid&lt;/p&gt;&lt;p&gt;Grid (input)&lt;/p&gt;</dialogReference>
      </param>
      <param name="LOPASS" displayname="Low Pass Filter" type="Required" direction="Output">
        <dialogReference>&lt;p&gt;Low Pass Filter&lt;/p&gt;&lt;p&gt;Grid (output)&lt;/p&gt;</dialogReference>
      </param>
      <param name="HIPASS" displayname="High Pass Filter" type="Required" direction="Output">
        <dialogReference>&lt;p&gt;High Pass Filter&lt;/p&gt;&lt;p&gt;Grid (output)&lt;/p&gt;</dialogReference>
      </param>
      <param name="SCALE" displayname="Scale Factor" type="Optional" direction="Output">
        <dialogReference>&lt;p&gt;Scale Factor&lt;/p&gt;&lt;p&gt;Floating point&lt;/p&gt;&lt;p&gt;Minimum: 1.000000&lt;/p&gt;&lt;p&gt;Default: 10.000000&lt;/p&gt;</dialogReference>
      </param>
    </parameters>
  </tool>
  <dataIdInfo>
    <idCitation>
      <resTitle>Resampling Filter</resTitle>
    </idCitation>
    <idCredit>O.Conrad (c) 2012</idCredit>
    <searchKeys>
      <SAGA></SAGA>
    </searchKeys>
  </dataIdInfo>
</metadata>
