<?xml version="1.0" encoding="UTF-8"?>
<metadata xml:lang="en">
  <Esri>
    <CreaDate>20150910</CreaDate>
    <CreaTime>11550000</CreaTime>
    <ArcGISFormat>1.0</ArcGISFormat>
    <SyncOnce>TRUE</SyncOnce>
    <ArcGISProfile>ItemDescription</ArcGISProfile>
  </Esri>
  <tool name="tool_7" displayname="Analytical Hierarchy Process">
    <parameters>
      <param name="GRIDS" displayname="Input Grids" type="Required" direction="Input">
        <dialogReference>&lt;p&gt;Input Grids&lt;/p&gt;&lt;p&gt;Grid list (input)&lt;/p&gt;&lt;p&gt;Input Grids&lt;/p&gt;</dialogReference>
      </param>
      <param name="TABLE" displayname="Pairwise Comparisons Table " type="Required" direction="Input">
        <dialogReference>&lt;p&gt;Pairwise Comparisons Table &lt;/p&gt;&lt;p&gt;Table (input)&lt;/p&gt;</dialogReference>
      </param>
      <param name="OUTPUT" displayname="Output Grid" type="Required" direction="Output">
        <dialogReference>&lt;p&gt;Output Grid&lt;/p&gt;&lt;p&gt;Grid (output)&lt;/p&gt;</dialogReference>
      </param>
    </parameters>
  </tool>
  <dataIdInfo>
    <idCitation>
      <resTitle>Analytical Hierarchy Process</resTitle>
    </idCitation>
    <idCredit></idCredit>
    <searchKeys>
      <SAGA></SAGA>
    </searchKeys>
  </dataIdInfo>
</metadata>
