<?xml version="1.0" encoding="UTF-8"?>
<metadata xml:lang="en">
  <Esri>
    <CreaDate>20150910</CreaDate>
    <CreaTime>11550000</CreaTime>
    <ArcGISFormat>1.0</ArcGISFormat>
    <SyncOnce>TRUE</SyncOnce>
    <ArcGISProfile>ItemDescription</ArcGISProfile>
  </Esri>
  <tool name="tool_14" displayname="Fragmentation Classes from Density and Connectivity">
    <parameters>
      <param name="DENSITY" displayname="Density [Percent]" type="Required" direction="Input">
        <dialogReference>&lt;p&gt;Density [Percent]&lt;/p&gt;&lt;p&gt;Grid (input)&lt;/p&gt;&lt;p&gt;Density Index (Pf).&lt;/p&gt;</dialogReference>
      </param>
      <param name="CONNECTIVITY" displayname="Connectivity [Percent]" type="Required" direction="Input">
        <dialogReference>&lt;p&gt;Connectivity [Percent]&lt;/p&gt;&lt;p&gt;Grid (input)&lt;/p&gt;&lt;p&gt;Connectivity Index (Pff).&lt;/p&gt;</dialogReference>
      </param>
      <param name="FRAGMENTATION" displayname="Fragmentation" type="Required" direction="Output">
        <dialogReference>&lt;p&gt;Fragmentation&lt;/p&gt;&lt;p&gt;Grid (output)&lt;/p&gt;&lt;p&gt;Fragmentation Index&lt;/p&gt;</dialogReference>
      </param>
      <param name="BORDER" displayname="Add Border" type="Optional" direction="Output">
        <dialogReference>&lt;p&gt;Add Border&lt;/p&gt;&lt;p&gt;Boolean&lt;/p&gt;&lt;p&gt;Default: 0&lt;/p&gt;</dialogReference>
      </param>
      <param name="WEIGHT" displayname="Connectivity Weighting" type="Optional" direction="Output">
        <dialogReference>&lt;p&gt;Connectivity Weighting&lt;/p&gt;&lt;p&gt;Floating point&lt;/p&gt;&lt;p&gt;Minimum: 0.000000&lt;/p&gt;&lt;p&gt;Default: 1.100000&lt;/p&gt;</dialogReference>
      </param>
      <param name="DENSITY_MIN" displayname="Minimum Density [Percent]" type="Optional" direction="Output">
        <dialogReference>&lt;p&gt;Minimum Density [Percent]&lt;/p&gt;&lt;p&gt;Floating point&lt;/p&gt;&lt;p&gt;Minimum: 0.000000&lt;/p&gt;&lt;p&gt;Maximum: 100.000000&lt;/p&gt;&lt;p&gt;Default: 10.000000&lt;/p&gt;</dialogReference>
      </param>
      <param name="DENSITY_INT" displayname="Minimum Density for Interior Forest [Percent]" type="Optional" direction="Output">
        <dialogReference>&lt;p&gt;Minimum Density for Interior Forest [Percent]&lt;/p&gt;&lt;p&gt;Floating point&lt;/p&gt;&lt;p&gt;Minimum: 0.000000&lt;/p&gt;&lt;p&gt;Maximum: 100.000000&lt;/p&gt;&lt;p&gt;Default: 99.000000&lt;/p&gt;&lt;p&gt;if less than 100, it is distinguished between interior and core forest&lt;/p&gt;</dialogReference>
      </param>
    </parameters>
  </tool>
  <dataIdInfo>
    <idCitation>
      <resTitle>Fragmentation Classes from Density and Connectivity</resTitle>
    </idCitation>
    <idCredit>(c) 2008 by O.Conrad</idCredit>
    <searchKeys>
      <SAGA></SAGA>
    </searchKeys>
  </dataIdInfo>
</metadata>
