<?xml version="1.0" encoding="UTF-8"?>
<metadata xml:lang="en">
  <Esri>
    <CreaDate>20150910</CreaDate>
    <CreaTime>11550000</CreaTime>
    <ArcGISFormat>1.0</ArcGISFormat>
    <SyncOnce>TRUE</SyncOnce>
    <ArcGISProfile>ItemDescription</ArcGISProfile>
  </Esri>
  <tool name="tool_1" displayname="Fourier Transformation (OpenCV)">
    <parameters>
      <param name="INPUT" displayname="Input" type="Required" direction="Input">
        <dialogReference>&lt;p&gt;Input&lt;/p&gt;&lt;p&gt;Grid (input)&lt;/p&gt;</dialogReference>
      </param>
      <param name="REAL" displayname="Fourier Transformation (Real)" type="Required" direction="Output">
        <dialogReference>&lt;p&gt;Fourier Transformation (Real)&lt;/p&gt;&lt;p&gt;Grid (output)&lt;/p&gt;</dialogReference>
      </param>
      <param name="IMAG" displayname="Fourier Transformation (Imaginary)" type="Required" direction="Output">
        <dialogReference>&lt;p&gt;Fourier Transformation (Imaginary)&lt;/p&gt;&lt;p&gt;Grid (output)&lt;/p&gt;</dialogReference>
      </param>
    </parameters>
  </tool>
  <dataIdInfo>
    <idCitation>
      <resTitle>Fourier Transformation (OpenCV)</resTitle>
    </idCitation>
    <idCredit>O.Conrad (c) 2009</idCredit>
    <searchKeys>
      <SAGA></SAGA>
    </searchKeys>
  </dataIdInfo>
</metadata>
