<?xml version="1.0" encoding="UTF-8"?>
<metadata xml:lang="en">
  <Esri>
    <CreaDate>20150910</CreaDate>
    <CreaTime>11550000</CreaTime>
    <ArcGISFormat>1.0</ArcGISFormat>
    <SyncOnce>TRUE</SyncOnce>
    <ArcGISProfile>ItemDescription</ArcGISProfile>
  </Esri>
  <tool name="tool_7" displayname="Decision Tree Classification (OpenCV)">
    <parameters>
      <param name="FEATURES" displayname="Features" type="Required" direction="Input">
        <dialogReference>&lt;p&gt;Features&lt;/p&gt;&lt;p&gt;Grid list (input)&lt;/p&gt;</dialogReference>
      </param>
      <param name="NORMALIZE" displayname="Normalize" type="Optional" direction="Output">
        <dialogReference>&lt;p&gt;Normalize&lt;/p&gt;&lt;p&gt;Boolean&lt;/p&gt;&lt;p&gt;Default: 0&lt;/p&gt;</dialogReference>
      </param>
      <param name="TRAIN_AREAS" displayname="Training Areas" type="Required" direction="Input">
        <dialogReference>&lt;p&gt;Training Areas&lt;/p&gt;&lt;p&gt;Shapes (input)&lt;/p&gt;</dialogReference>
      </param>
      <param name="TRAIN_CLASS" displayname="Class Identifier" type="Optional" direction="Output">
        <dialogReference>&lt;p&gt;Class Identifier&lt;/p&gt;&lt;p&gt;Table field&lt;/p&gt;</dialogReference>
      </param>
      <param name="CLASSES" displayname="Classification" type="Required" direction="Output">
        <dialogReference>&lt;p&gt;Classification&lt;/p&gt;&lt;p&gt;Grid (output)&lt;/p&gt;</dialogReference>
      </param>
      <param name="MAX_DEPTH" displayname="Maximum Tree Depth" type="Optional" direction="Output">
        <dialogReference>&lt;p&gt;Maximum Tree Depth&lt;/p&gt;&lt;p&gt;Integer&lt;/p&gt;&lt;p&gt;Minimum: 1&lt;/p&gt;&lt;p&gt;Default: 10&lt;/p&gt;&lt;p&gt;The maximum possible depth of the tree. That is the training algorithms attempts to split a node while its depth is less than maxDepth. The root node has zero depth.&lt;/p&gt;</dialogReference>
      </param>
      <param name="MIN_SAMPLES" displayname="Minimum Sample Count" type="Optional" direction="Output">
        <dialogReference>&lt;p&gt;Minimum Sample Count&lt;/p&gt;&lt;p&gt;Integer&lt;/p&gt;&lt;p&gt;Minimum: 2&lt;/p&gt;&lt;p&gt;Default: 2&lt;/p&gt;&lt;p&gt;If the number of samples in a node is less than this parameter then the node will not be split.&lt;/p&gt;</dialogReference>
      </param>
      <param name="MAX_CATEGRS" displayname="Maximum Categories" type="Optional" direction="Output">
        <dialogReference>&lt;p&gt;Maximum Categories&lt;/p&gt;&lt;p&gt;Integer&lt;/p&gt;&lt;p&gt;Minimum: 1&lt;/p&gt;&lt;p&gt;Default: 10&lt;/p&gt;&lt;p&gt;Cluster possible values of a categorical variable into K&lt;=maxCategories clusters to find a suboptimal split.&lt;/p&gt;</dialogReference>
      </param>
      <param name="1SE_RULE" displayname="Use 1SE Rule" type="Optional" direction="Output">
        <dialogReference>&lt;p&gt;Use 1SE Rule&lt;/p&gt;&lt;p&gt;Boolean&lt;/p&gt;&lt;p&gt;Default: 1&lt;/p&gt;&lt;p&gt;If true then a pruning will be harsher. This will make a tree more compact and more resistant to the training data noise but a bit less accurate.&lt;/p&gt;</dialogReference>
      </param>
      <param name="TRUNC_PRUNED" displayname="Truncate Pruned Trees" type="Optional" direction="Output">
        <dialogReference>&lt;p&gt;Truncate Pruned Trees&lt;/p&gt;&lt;p&gt;Boolean&lt;/p&gt;&lt;p&gt;Default: 1&lt;/p&gt;&lt;p&gt;If true then pruned branches are physically removed from the tree. Otherwise they are retained and it is possible to get results from the original unpruned (or pruned less aggressively) tree.&lt;/p&gt;</dialogReference>
      </param>
      <param name="REG_ACCURACY" displayname="Regression Accuracy" type="Optional" direction="Output">
        <dialogReference>&lt;p&gt;Regression Accuracy&lt;/p&gt;&lt;p&gt;Floating point&lt;/p&gt;&lt;p&gt;Minimum: 0.000000&lt;/p&gt;&lt;p&gt;Default: 0.010000&lt;/p&gt;&lt;p&gt;Termination criteria for regression trees. If all absolute differences between an estimated value in a node and values of train samples in this node are less than this parameter then the node will not be split further.&lt;/p&gt;</dialogReference>
      </param>
    </parameters>
  </tool>
  <dataIdInfo>
    <idCitation>
      <resTitle>Decision Tree Classification (OpenCV)</resTitle>
    </idCitation>
    <idCredit>O.Conrad (c) 2016</idCredit>
    <searchKeys>
      <SAGA></SAGA>
    </searchKeys>
  </dataIdInfo>
</metadata>
