<?xml version="1.0" encoding="UTF-8"?>
<metadata xml:lang="en">
  <Esri>
    <CreaDate>20150910</CreaDate>
    <CreaTime>11550000</CreaTime>
    <ArcGISFormat>1.0</ArcGISFormat>
    <SyncOnce>TRUE</SyncOnce>
    <ArcGISProfile>ItemDescription</ArcGISProfile>
  </Esri>
  <tool name="tool_11" displayname="Random Forest Table Classification (ViGrA)">
    <parameters>
      <param name="TABLE" displayname="Table" type="Required" direction="Input">
        <dialogReference>&lt;p&gt;Table&lt;/p&gt;&lt;p&gt;Table (input)&lt;/p&gt;&lt;p&gt;Table with features, must include class-ID&lt;/p&gt;</dialogReference>
      </param>
      <param name="FEATURES" displayname="Features" type="Optional" direction="Output">
        <dialogReference>&lt;p&gt;Features&lt;/p&gt;&lt;p&gt;Table fields&lt;/p&gt;&lt;p&gt;Select features (table fields) for classification&lt;/p&gt;</dialogReference>
      </param>
      <param name="PREDICTION" displayname="Prediction" type="Optional" direction="Output">
        <dialogReference>&lt;p&gt;Prediction&lt;/p&gt;&lt;p&gt;Table field&lt;/p&gt;&lt;p&gt;optional&lt;/p&gt;&lt;p&gt;This is field that will have the prediction results. If not set it will be added to the table.&lt;/p&gt;</dialogReference>
      </param>
      <param name="TRAINING" displayname="Training" type="Optional" direction="Output">
        <dialogReference>&lt;p&gt;Training&lt;/p&gt;&lt;p&gt;Table field&lt;/p&gt;&lt;p&gt;this is the table field that defines the training classes&lt;/p&gt;</dialogReference>
      </param>
      <param name="LABEL_AS_ID" displayname="Use Label as Identifier" type="Optional" direction="Output">
        <dialogReference>&lt;p&gt;Use Label as Identifier&lt;/p&gt;&lt;p&gt;Boolean&lt;/p&gt;&lt;p&gt;Default: 0&lt;/p&gt;&lt;p&gt;Use training area labels as identifier in classification result, assumes all label values are integer numbers!&lt;/p&gt;</dialogReference>
      </param>
      <param name="IMPORTANCES" displayname="Feature Importances" type="Required" direction="Output">
        <dialogReference>&lt;p&gt;Feature Importances&lt;/p&gt;&lt;p&gt;Table (output)&lt;/p&gt;</dialogReference>
      </param>
      <param name="RF_TREE_COUNT" displayname="Tree Count" type="Optional" direction="Output">
        <dialogReference>&lt;p&gt;Tree Count&lt;/p&gt;&lt;p&gt;Integer&lt;/p&gt;&lt;p&gt;Minimum: 1&lt;/p&gt;&lt;p&gt;Default: 32&lt;/p&gt;&lt;p&gt;How many trees to create?&lt;/p&gt;</dialogReference>
      </param>
      <param name="RF_TREE_SAMPLES" displayname="Samples per Tree" type="Optional" direction="Output">
        <dialogReference>&lt;p&gt;Samples per Tree&lt;/p&gt;&lt;p&gt;Floating point&lt;/p&gt;&lt;p&gt;Minimum: 0.000000&lt;/p&gt;&lt;p&gt;Maximum: 1.000000&lt;/p&gt;&lt;p&gt;Default: 1.000000&lt;/p&gt;&lt;p&gt;Specifies the fraction of the total number of samples used per tree for learning.&lt;/p&gt;</dialogReference>
      </param>
      <param name="RF_REPLACE" displayname="Sample with Replacement" type="Optional" direction="Output">
        <dialogReference>&lt;p&gt;Sample with Replacement&lt;/p&gt;&lt;p&gt;Boolean&lt;/p&gt;&lt;p&gt;Default: 1&lt;/p&gt;&lt;p&gt;Sample from training population with or without replacement?&lt;/p&gt;</dialogReference>
      </param>
      <param name="RF_SPLIT_MIN_SIZE" displayname="Minimum Node Split Size" type="Optional" direction="Output">
        <dialogReference>&lt;p&gt;Minimum Node Split Size&lt;/p&gt;&lt;p&gt;Integer&lt;/p&gt;&lt;p&gt;Minimum: 1&lt;/p&gt;&lt;p&gt;Default: 1&lt;/p&gt;&lt;p&gt;Number of examples required for a node to be split. Choose 1 for complete growing.&lt;/p&gt;</dialogReference>
      </param>
      <param name="RF_NODE_FEATURES" displayname="Features per Node" type="Optional" direction="Output">
        <dialogReference>&lt;p&gt;Features per Node&lt;/p&gt;&lt;p&gt;Choice&lt;/p&gt;&lt;p&gt;Available Choices:&lt;/p&gt;&lt;p&gt;[0] logarithmic&lt;/p&gt;&lt;p&gt;[1] square root&lt;/p&gt;&lt;p&gt;[2] all&lt;/p&gt;&lt;p&gt;Default: 1&lt;/p&gt;</dialogReference>
      </param>
      <param name="RF_STRATIFICATION" displayname="Stratification" type="Optional" direction="Output">
        <dialogReference>&lt;p&gt;Stratification&lt;/p&gt;&lt;p&gt;Choice&lt;/p&gt;&lt;p&gt;Available Choices:&lt;/p&gt;&lt;p&gt;[0] none&lt;/p&gt;&lt;p&gt;[1] equal&lt;/p&gt;&lt;p&gt;[2] proportional&lt;/p&gt;&lt;p&gt;Default: 0&lt;/p&gt;&lt;p&gt;Specifies stratification strategy. Either none, equal amount of class samples, or proportional to fraction of class samples.&lt;/p&gt;</dialogReference>
      </param>
    </parameters>
  </tool>
  <dataIdInfo>
    <idCitation>
      <resTitle>Random Forest Table Classification (ViGrA)</resTitle>
    </idCitation>
    <idCredit>B. Bechtel, O.Conrad (c) 2015</idCredit>
    <searchKeys>
      <SAGA></SAGA>
    </searchKeys>
  </dataIdInfo>
</metadata>
