<?xml version="1.0" encoding="UTF-8"?>
<metadata xml:lang="en">
  <Esri>
    <CreaDate>20150910</CreaDate>
    <CreaTime>11550000</CreaTime>
    <ArcGISFormat>1.0</ArcGISFormat>
    <SyncOnce>TRUE</SyncOnce>
    <ArcGISProfile>ItemDescription</ArcGISProfile>
  </Esri>
  <tool name="tool_1" displayname="Edge Detection (ViGrA)">
    <parameters>
      <param name="INPUT" displayname="Input" type="Required" direction="Input">
        <dialogReference>&lt;p&gt;Input&lt;/p&gt;&lt;p&gt;Grid (input)&lt;/p&gt;</dialogReference>
      </param>
      <param name="OUTPUT" displayname="Edges" type="Required" direction="Output">
        <dialogReference>&lt;p&gt;Edges&lt;/p&gt;&lt;p&gt;Grid (output)&lt;/p&gt;</dialogReference>
      </param>
      <param name="TYPE" displayname="Detector type" type="Optional" direction="Output">
        <dialogReference>&lt;p&gt;Detector type&lt;/p&gt;&lt;p&gt;Choice&lt;/p&gt;&lt;p&gt;Available Choices:&lt;/p&gt;&lt;p&gt;[0] Canny&lt;/p&gt;&lt;p&gt;[1] Shen-Castan&lt;/p&gt;&lt;p&gt;Default: 0&lt;/p&gt;</dialogReference>
      </param>
      <param name="SCALE" displayname="Operator scale" type="Optional" direction="Output">
        <dialogReference>&lt;p&gt;Operator scale&lt;/p&gt;&lt;p&gt;Floating point&lt;/p&gt;&lt;p&gt;Minimum: 0.000000&lt;/p&gt;&lt;p&gt;Default: 1.000000&lt;/p&gt;</dialogReference>
      </param>
      <param name="THRESHOLD" displayname="Gradient threshold" type="Optional" direction="Output">
        <dialogReference>&lt;p&gt;Gradient threshold&lt;/p&gt;&lt;p&gt;Floating point&lt;/p&gt;&lt;p&gt;Minimum: 0.000000&lt;/p&gt;&lt;p&gt;Default: 1.000000&lt;/p&gt;</dialogReference>
      </param>
    </parameters>
  </tool>
  <dataIdInfo>
    <idCitation>
      <resTitle>Edge Detection (ViGrA)</resTitle>
    </idCitation>
    <idCredit>O.Conrad (c) 2009</idCredit>
    <searchKeys>
      <SAGA></SAGA>
    </searchKeys>
  </dataIdInfo>
</metadata>
