<?xml version="1.0" encoding="UTF-8"?>
<metadata xml:lang="en">
  <Esri>
    <CreaDate>20150910</CreaDate>
    <CreaTime>11550000</CreaTime>
    <ArcGISFormat>1.0</ArcGISFormat>
    <SyncOnce>TRUE</SyncOnce>
    <ArcGISProfile>ItemDescription</ArcGISProfile>
  </Esri>
  <tool name="tool_6" displayname="Import NetCDF">
    <parameters>
      <param name="GRIDS" displayname="Grids" type="Required" direction="Output">
        <dialogReference>&lt;p&gt;Grids&lt;/p&gt;&lt;p&gt;Grid list (output)&lt;/p&gt;</dialogReference>
      </param>
      <param name="FILE" displayname="File" type="Optional" direction="Output">
        <dialogReference>&lt;p&gt;File&lt;/p&gt;&lt;p&gt;File path&lt;/p&gt;</dialogReference>
      </param>
      <param name="SAVE_FILE" displayname="Save to File" type="Optional" direction="Output">
        <dialogReference>&lt;p&gt;Save to File&lt;/p&gt;&lt;p&gt;Boolean&lt;/p&gt;&lt;p&gt;Default: 0&lt;/p&gt;&lt;p&gt;save output to file instead of memory&lt;/p&gt;</dialogReference>
      </param>
      <param name="SAVE_PATH" displayname="Save to Path" type="Optional" direction="Output">
        <dialogReference>&lt;p&gt;Save to Path&lt;/p&gt;&lt;p&gt;File path&lt;/p&gt;</dialogReference>
      </param>
      <param name="TRANSFORM" displayname="Transformation" type="Optional" direction="Output">
        <dialogReference>&lt;p&gt;Transformation&lt;/p&gt;&lt;p&gt;Boolean&lt;/p&gt;&lt;p&gt;Default: 1&lt;/p&gt;&lt;p&gt;apply coordinate transformation if appropriate&lt;/p&gt;</dialogReference>
      </param>
      <param name="RESAMPLING" displayname="Resampling" type="Optional" direction="Output">
        <dialogReference>&lt;p&gt;Resampling&lt;/p&gt;&lt;p&gt;Choice&lt;/p&gt;&lt;p&gt;Available Choices:&lt;/p&gt;&lt;p&gt;[0] Nearest Neighbour&lt;/p&gt;&lt;p&gt;[1] Bilinear Interpolation&lt;/p&gt;&lt;p&gt;[2] Bicubic Spline Interpolation&lt;/p&gt;&lt;p&gt;[3] B-Spline Interpolation&lt;/p&gt;&lt;p&gt;Default: 3&lt;/p&gt;&lt;p&gt;interpolation method to use if grid needs to be aligned to coordinate system&lt;/p&gt;</dialogReference>
      </param>
    </parameters>
  </tool>
  <dataIdInfo>
    <idCitation>
      <resTitle>Import NetCDF</resTitle>
    </idCitation>
    <idCredit>O.Conrad (c) 2012</idCredit>
    <searchKeys>
      <SAGA></SAGA>
    </searchKeys>
  </dataIdInfo>
</metadata>
