<?xml version="1.0" encoding="UTF-8"?>
<metadata xml:lang="en">
  <Esri>
    <CreaDate>20150910</CreaDate>
    <CreaTime>11550000</CreaTime>
    <ArcGISFormat>1.0</ArcGISFormat>
    <SyncOnce>TRUE</SyncOnce>
    <ArcGISProfile>ItemDescription</ArcGISProfile>
  </Esri>
  <tool name="tool_8" displayname="Import Atlas Boundary File">
    <parameters>
      <param name="FILE" displayname="File" type="Optional" direction="Output">
        <dialogReference>&lt;p&gt;File&lt;/p&gt;&lt;p&gt;File path&lt;/p&gt;</dialogReference>
      </param>
    </parameters>
  </tool>
  <dataIdInfo>
    <idCitation>
      <resTitle>Import Atlas Boundary File</resTitle>
    </idCitation>
    <idCredit>O.Conrad (c) 2006</idCredit>
    <searchKeys>
      <SAGA></SAGA>
    </searchKeys>
  </dataIdInfo>
</metadata>
