<?xml version="1.0" encoding="UTF-8"?>
<metadata xml:lang="en">
  <Esri>
    <CreaDate>20150910</CreaDate>
    <CreaTime>11550000</CreaTime>
    <ArcGISFormat>1.0</ArcGISFormat>
    <SyncOnce>TRUE</SyncOnce>
    <ArcGISProfile>ItemDescription</ArcGISProfile>
  </Esri>
  <tool name="tool_18" displayname="Import Raster from PostGIS">
    <parameters>
      <param name="PG_HOST" displayname="Host" type="Optional" direction="Output">
        <dialogReference>&lt;p&gt;Host&lt;/p&gt;&lt;p&gt;Text&lt;/p&gt;&lt;p&gt;Password&lt;/p&gt;</dialogReference>
      </param>
      <param name="PG_PORT" displayname="Port" type="Optional" direction="Output">
        <dialogReference>&lt;p&gt;Port&lt;/p&gt;&lt;p&gt;Integer&lt;/p&gt;&lt;p&gt;Minimum: 0&lt;/p&gt;&lt;p&gt;Default: 5432&lt;/p&gt;</dialogReference>
      </param>
      <param name="PG_NAME" displayname="Database" type="Optional" direction="Output">
        <dialogReference>&lt;p&gt;Database&lt;/p&gt;&lt;p&gt;Text&lt;/p&gt;&lt;p&gt;Database Name&lt;/p&gt;</dialogReference>
      </param>
      <param name="PG_USER" displayname="User" type="Optional" direction="Output">
        <dialogReference>&lt;p&gt;User&lt;/p&gt;&lt;p&gt;Text&lt;/p&gt;&lt;p&gt;User Name&lt;/p&gt;</dialogReference>
      </param>
      <param name="PG_PWD" displayname="Password" type="Optional" direction="Output">
        <dialogReference>&lt;p&gt;Password&lt;/p&gt;&lt;p&gt;Text&lt;/p&gt;&lt;p&gt;Password&lt;/p&gt;</dialogReference>
      </param>
      <param name="GRIDS" displayname="Grids" type="Required" direction="Output">
        <dialogReference>&lt;p&gt;Grids&lt;/p&gt;&lt;p&gt;Grid list (output)&lt;/p&gt;</dialogReference>
      </param>
      <param name="TABLES" displayname="Tables" type="Optional" direction="Output">
        <dialogReference>&lt;p&gt;Tables&lt;/p&gt;&lt;p&gt;Choice&lt;/p&gt;&lt;p&gt;Available Choices:&lt;/p&gt;&lt;p&gt;[0] &lt;not set&gt;&lt;/p&gt;&lt;p&gt;Default: 0&lt;/p&gt;</dialogReference>
      </param>
      <param name="WHERE" displayname="Where" type="Optional" direction="Output">
        <dialogReference>&lt;p&gt;Where&lt;/p&gt;&lt;p&gt;Text&lt;/p&gt;</dialogReference>
      </param>
      <param name="MULTIPLE" displayname="Multiple Bands Output" type="Optional" direction="Output">
        <dialogReference>&lt;p&gt;Multiple Bands Output&lt;/p&gt;&lt;p&gt;Choice&lt;/p&gt;&lt;p&gt;Available Choices:&lt;/p&gt;&lt;p&gt;[0] single grids&lt;/p&gt;&lt;p&gt;[1] grid collection&lt;/p&gt;&lt;p&gt;[2] automatic&lt;/p&gt;&lt;p&gt;Default: 2&lt;/p&gt;</dialogReference>
      </param>
    </parameters>
  </tool>
  <dataIdInfo>
    <idCitation>
      <resTitle>Import Raster from PostGIS</resTitle>
    </idCitation>
    <idCredit>O.Conrad (c) 2013</idCredit>
    <searchKeys>
      <SAGA></SAGA>
    </searchKeys>
  </dataIdInfo>
</metadata>
