<?xml version="1.0" encoding="UTF-8"?>
<metadata xml:lang="en">
  <Esri>
    <CreaDate>20150910</CreaDate>
    <CreaTime>11550000</CreaTime>
    <ArcGISFormat>1.0</ArcGISFormat>
    <SyncOnce>TRUE</SyncOnce>
    <ArcGISProfile>ItemDescription</ArcGISProfile>
  </Esri>
  <tool name="tool_6" displayname="Remove Overlap from Virtual Point Cloud Tiles">
    <parameters>
      <param name="FILENAME" displayname="Tile Info File" type="Optional" direction="Output">
        <dialogReference>&lt;p&gt;Tile Info File&lt;/p&gt;&lt;p&gt;File path&lt;/p&gt;&lt;p&gt;The full path and name of the spcvf tile info file describing the point cloud tiles without overlap&lt;/p&gt;</dialogReference>
      </param>
      <param name="FILEPATH" displayname="Output Filepath" type="Optional" direction="Output">
        <dialogReference>&lt;p&gt;Output Filepath&lt;/p&gt;&lt;p&gt;File path&lt;/p&gt;&lt;p&gt;The full path to which the point cloud tiles without overlap should be written.&lt;/p&gt;</dialogReference>
      </param>
    </parameters>
  </tool>
  <dataIdInfo>
    <idCitation>
      <resTitle>Remove Overlap from Virtual Point Cloud Tiles</resTitle>
    </idCitation>
    <idCredit>V. Wichmann, LASERDATA GmbH (c) 2014</idCredit>
    <searchKeys>
      <SAGA></SAGA>
    </searchKeys>
  </dataIdInfo>
</metadata>
