<?xml version="1.0" encoding="UTF-8"?>
<metadata xml:lang="en">
  <Esri>
    <CreaDate>20150910</CreaDate>
    <CreaTime>11550000</CreaTime>
    <ArcGISFormat>1.0</ArcGISFormat>
    <SyncOnce>TRUE</SyncOnce>
    <ArcGISProfile>ItemDescription</ArcGISProfile>
  </Esri>
  <tool name="tool_0" displayname="Import Raster">
    <parameters>
      <param name="GRIDS" displayname="Grids" type="Required" direction="Output">
        <dialogReference>&lt;p&gt;Grids&lt;/p&gt;&lt;p&gt;Grid list (output)&lt;/p&gt;</dialogReference>
      </param>
      <param name="FILES" displayname="Files" type="Optional" direction="Output">
        <dialogReference>&lt;p&gt;Files&lt;/p&gt;&lt;p&gt;File path&lt;/p&gt;</dialogReference>
      </param>
      <param name="MULTIPLE" displayname="Multiple Bands Output" type="Optional" direction="Output">
        <dialogReference>&lt;p&gt;Multiple Bands Output&lt;/p&gt;&lt;p&gt;Choice&lt;/p&gt;&lt;p&gt;Available Choices:&lt;/p&gt;&lt;p&gt;[0] single grids&lt;/p&gt;&lt;p&gt;[1] grid collection&lt;/p&gt;&lt;p&gt;[2] automatic&lt;/p&gt;&lt;p&gt;Default: 2&lt;/p&gt;</dialogReference>
      </param>
      <param name="SELECTION" displayname="Select from Multiple Bands" type="Optional" direction="Output">
        <dialogReference>&lt;p&gt;Select from Multiple Bands&lt;/p&gt;&lt;p&gt;Text&lt;/p&gt;&lt;p&gt;Semicolon separated list of band indexes. Do not set to select all bands for import.&lt;/p&gt;</dialogReference>
      </param>
      <param name="SELECT_SORT" displayname="Alphanumeric Sorting" type="Optional" direction="Output">
        <dialogReference>&lt;p&gt;Alphanumeric Sorting&lt;/p&gt;&lt;p&gt;Boolean&lt;/p&gt;&lt;p&gt;Default: 1&lt;/p&gt;</dialogReference>
      </param>
      <param name="TRANSFORM" displayname="Transformation" type="Optional" direction="Output">
        <dialogReference>&lt;p&gt;Transformation&lt;/p&gt;&lt;p&gt;Boolean&lt;/p&gt;&lt;p&gt;Default: 1&lt;/p&gt;&lt;p&gt;align grid to coordinate system&lt;/p&gt;</dialogReference>
      </param>
      <param name="RESAMPLING" displayname="Resampling" type="Optional" direction="Output">
        <dialogReference>&lt;p&gt;Resampling&lt;/p&gt;&lt;p&gt;Choice&lt;/p&gt;&lt;p&gt;Available Choices:&lt;/p&gt;&lt;p&gt;[0] Nearest Neighbour&lt;/p&gt;&lt;p&gt;[1] Bilinear Interpolation&lt;/p&gt;&lt;p&gt;[2] Bicubic Spline Interpolation&lt;/p&gt;&lt;p&gt;[3] B-Spline Interpolation&lt;/p&gt;&lt;p&gt;Default: 0&lt;/p&gt;&lt;p&gt;Resampling type to be used, if grid needs to be aligned to coordinate system.&lt;/p&gt;</dialogReference>
      </param>
    </parameters>
  </tool>
  <dataIdInfo>
    <idCitation>
      <resTitle>Import Raster</resTitle>
    </idCitation>
    <idCredit>O.Conrad (c) 2007 (A.Ringeler)</idCredit>
    <searchKeys>
      <SAGA></SAGA>
    </searchKeys>
  </dataIdInfo>
</metadata>
