<?xml version="1.0" encoding="UTF-8"?>
<metadata xml:lang="en">
  <Esri>
    <CreaDate>20150910</CreaDate>
    <CreaTime>11550000</CreaTime>
    <ArcGISFormat>1.0</ArcGISFormat>
    <SyncOnce>TRUE</SyncOnce>
    <ArcGISProfile>ItemDescription</ArcGISProfile>
  </Esri>
  <tool name="tool_8" displayname="Import Table from SQL Query">
    <parameters>
      <param name="ODBC_DSN" displayname="DSN" type="Optional" direction="Output">
        <dialogReference>&lt;p&gt;DSN&lt;/p&gt;&lt;p&gt;Text&lt;/p&gt;&lt;p&gt;Data Source Name&lt;/p&gt;</dialogReference>
      </param>
      <param name="ODBC_USR" displayname="User" type="Optional" direction="Output">
        <dialogReference>&lt;p&gt;User&lt;/p&gt;&lt;p&gt;Text&lt;/p&gt;&lt;p&gt;User Name&lt;/p&gt;</dialogReference>
      </param>
      <param name="ODBC_PWD" displayname="Password" type="Optional" direction="Output">
        <dialogReference>&lt;p&gt;Password&lt;/p&gt;&lt;p&gt;Text&lt;/p&gt;&lt;p&gt;Password&lt;/p&gt;</dialogReference>
      </param>
      <param name="TABLE" displayname="Table from SQL Query" type="Required" direction="Output">
        <dialogReference>&lt;p&gt;Table from SQL Query&lt;/p&gt;&lt;p&gt;Table (output)&lt;/p&gt;</dialogReference>
      </param>
      <param name="TABLES" displayname="Tables" type="Optional" direction="Output">
        <dialogReference>&lt;p&gt;Tables&lt;/p&gt;&lt;p&gt;Text&lt;/p&gt;</dialogReference>
      </param>
      <param name="FIELDS" displayname="Fields" type="Optional" direction="Output">
        <dialogReference>&lt;p&gt;Fields&lt;/p&gt;&lt;p&gt;Text&lt;/p&gt;&lt;p&gt;Default: *&lt;/p&gt;</dialogReference>
      </param>
      <param name="WHERE" displayname="Where" type="Optional" direction="Output">
        <dialogReference>&lt;p&gt;Where&lt;/p&gt;&lt;p&gt;Text&lt;/p&gt;</dialogReference>
      </param>
      <param name="GROUP" displayname="Group by" type="Optional" direction="Output">
        <dialogReference>&lt;p&gt;Group by&lt;/p&gt;&lt;p&gt;Text&lt;/p&gt;</dialogReference>
      </param>
      <param name="HAVING" displayname="Having" type="Optional" direction="Output">
        <dialogReference>&lt;p&gt;Having&lt;/p&gt;&lt;p&gt;Text&lt;/p&gt;</dialogReference>
      </param>
      <param name="ORDER" displayname="Order by" type="Optional" direction="Output">
        <dialogReference>&lt;p&gt;Order by&lt;/p&gt;&lt;p&gt;Text&lt;/p&gt;</dialogReference>
      </param>
      <param name="DISTINCT" displayname="Distinct" type="Optional" direction="Output">
        <dialogReference>&lt;p&gt;Distinct&lt;/p&gt;&lt;p&gt;Boolean&lt;/p&gt;&lt;p&gt;Default: 0&lt;/p&gt;</dialogReference>
      </param>
    </parameters>
  </tool>
  <dataIdInfo>
    <idCitation>
      <resTitle>Import Table from SQL Query</resTitle>
    </idCitation>
    <idCredit>O.Conrad (c) 2008</idCredit>
    <searchKeys>
      <SAGA></SAGA>
    </searchKeys>
  </dataIdInfo>
</metadata>
