<?xml version="1.0" encoding="UTF-8"?>
<metadata xml:lang="en">
  <Esri>
    <CreaDate>20150910</CreaDate>
    <CreaTime>11550000</CreaTime>
    <ArcGISFormat>1.0</ArcGISFormat>
    <SyncOnce>TRUE</SyncOnce>
    <ArcGISProfile>ItemDescription</ArcGISProfile>
  </Esri>
  <tool name="tool_1" displayname="Export Raster">
    <parameters>
      <param name="GRIDS" displayname="Grid(s)" type="Required" direction="Input">
        <dialogReference>&lt;p&gt;Grid(s)&lt;/p&gt;&lt;p&gt;Grid list (input)&lt;/p&gt;</dialogReference>
      </param>
      <param name="FILE" displayname="File" type="Optional" direction="Output">
        <dialogReference>&lt;p&gt;File&lt;/p&gt;&lt;p&gt;File path&lt;/p&gt;&lt;p&gt;The GDAL dataset to be created.&lt;/p&gt;</dialogReference>
      </param>
      <param name="FORMAT" displayname="Format" type="Optional" direction="Output">
        <dialogReference>&lt;p&gt;Format&lt;/p&gt;&lt;p&gt;Choice&lt;/p&gt;&lt;p&gt;Available Choices:&lt;/p&gt;&lt;p&gt;[0] Flexible Image Transport System&lt;/p&gt;&lt;p&gt;[1] HDF4 Dataset&lt;/p&gt;&lt;p&gt;[2] KEA Image Format (.kea)&lt;/p&gt;&lt;p&gt;[3] Network Common Data Format&lt;/p&gt;&lt;p&gt;[4] Virtual Raster&lt;/p&gt;&lt;p&gt;[5] GeoTIFF&lt;/p&gt;&lt;p&gt;[6] National Imagery Transmission Format&lt;/p&gt;&lt;p&gt;[7] Erdas Imagine Images (.img)&lt;/p&gt;&lt;p&gt;[8] ELAS&lt;/p&gt;&lt;p&gt;[9] In Memory Raster&lt;/p&gt;&lt;p&gt;[10] MS Windows Device Independent Bitmap&lt;/p&gt;&lt;p&gt;[11] PCIDSK Database File&lt;/p&gt;&lt;p&gt;[12] PCRaster Raster File&lt;/p&gt;&lt;p&gt;[13] ILWIS Raster Map&lt;/p&gt;&lt;p&gt;[14] SGI Image File Format 1.0&lt;/p&gt;&lt;p&gt;[15] Leveller heightfield&lt;/p&gt;&lt;p&gt;[16] Terragen heightfield&lt;/p&gt;&lt;p&gt;[17] USGS Astrogeology ISIS cube (Version 2)&lt;/p&gt;&lt;p&gt;[18] ERMapper .ers Labelled&lt;/p&gt;&lt;p&gt;[19] Raster Matrix Format&lt;/p&gt;&lt;p&gt;[20] Idrisi Raster A.1&lt;/p&gt;&lt;p&gt;[21] Intergraph Raster&lt;/p&gt;&lt;p&gt;[22] Golden Software Binary Grid (.grd)&lt;/p&gt;&lt;p&gt;[23] Golden Software 7 Binary Grid (.grd)&lt;/p&gt;&lt;p&gt;[24] Geospatial PDF&lt;/p&gt;&lt;p&gt;[25] MBTiles&lt;/p&gt;&lt;p&gt;[26] Meta Raster Format&lt;/p&gt;&lt;p&gt;[27] Portable Pixmap Format (netpbm)&lt;/p&gt;&lt;p&gt;[28] PCI .aux Labelled&lt;/p&gt;&lt;p&gt;[29] Vexcel MFF Raster&lt;/p&gt;&lt;p&gt;[30] Vexcel MFF2 (HKV) Raster&lt;/p&gt;&lt;p&gt;[31] VTP .bt (Binary Terrain) 1.3 Format&lt;/p&gt;&lt;p&gt;[32] Erdas .LAN/.GIS&lt;/p&gt;&lt;p&gt;[33] Image Data and Analysis&lt;/p&gt;&lt;p&gt;[34] NOAA Vertical Datum .GTX&lt;/p&gt;&lt;p&gt;[35] NTv2 Datum Grid Shift&lt;/p&gt;&lt;p&gt;[36] CTable2 Datum Grid Shift&lt;/p&gt;&lt;p&gt;[37] KOLOR Raw&lt;/p&gt;&lt;p&gt;[38] ROI_PAC raster&lt;/p&gt;&lt;p&gt;[39] ENVI .hdr Labelled&lt;/p&gt;&lt;p&gt;[40] ESRI .hdr Labelled&lt;/p&gt;&lt;p&gt;[41] ISCE raster&lt;/p&gt;&lt;p&gt;[42] ARC Digitized Raster Graphics&lt;/p&gt;&lt;p&gt;[43] SAGA GIS Binary Grid (.sdat)&lt;/p&gt;&lt;p&gt;[44] IBM DB2 Spatial Database&lt;/p&gt;&lt;p&gt;[45] GeoPackage&lt;/p&gt;&lt;p&gt;Default: 0&lt;/p&gt;&lt;p&gt;The GDAL raster format (driver) to be used.&lt;/p&gt;</dialogReference>
      </param>
      <param name="TYPE" displayname="Data Type" type="Optional" direction="Output">
        <dialogReference>&lt;p&gt;Data Type&lt;/p&gt;&lt;p&gt;Choice&lt;/p&gt;&lt;p&gt;Available Choices:&lt;/p&gt;&lt;p&gt;[0] match input data&lt;/p&gt;&lt;p&gt;[1] 8 bit unsigned integer&lt;/p&gt;&lt;p&gt;[2] 16 bit unsigned integer&lt;/p&gt;&lt;p&gt;[3] 16 bit signed integer&lt;/p&gt;&lt;p&gt;[4] 32 bit unsigned integer&lt;/p&gt;&lt;p&gt;[5] 32 bit signed integer&lt;/p&gt;&lt;p&gt;[6] 32 bit floating point&lt;/p&gt;&lt;p&gt;[7] 64 bit floating point&lt;/p&gt;&lt;p&gt;Default: 0&lt;/p&gt;&lt;p&gt;The GDAL datatype of the created dataset.&lt;/p&gt;</dialogReference>
      </param>
      <param name="SET_NODATA" displayname="Set Custom NoData" type="Optional" direction="Output">
        <dialogReference>&lt;p&gt;Set Custom NoData&lt;/p&gt;&lt;p&gt;Boolean&lt;/p&gt;&lt;p&gt;Default: 0&lt;/p&gt;</dialogReference>
      </param>
      <param name="NODATA" displayname="NoData Value" type="Optional" direction="Output">
        <dialogReference>&lt;p&gt;NoData Value&lt;/p&gt;&lt;p&gt;Floating point&lt;/p&gt;&lt;p&gt;Default: 0.000000&lt;/p&gt;</dialogReference>
      </param>
      <param name="OPTIONS" displayname="Creation Options" type="Optional" direction="Output">
        <dialogReference>&lt;p&gt;Creation Options&lt;/p&gt;&lt;p&gt;Text&lt;/p&gt;&lt;p&gt;A space separated list of key-value pairs (K=V).&lt;/p&gt;</dialogReference>
      </param>
    </parameters>
  </tool>
  <dataIdInfo>
    <idCitation>
      <resTitle>Export Raster</resTitle>
    </idCitation>
    <idCredit>O.Conrad (c) 2007</idCredit>
    <searchKeys>
      <SAGA></SAGA>
    </searchKeys>
  </dataIdInfo>
</metadata>
