<?xml version="1.0" encoding="UTF-8"?>
<metadata xml:lang="en">
  <Esri>
    <CreaDate>20150910</CreaDate>
    <CreaTime>11550000</CreaTime>
    <ArcGISFormat>1.0</ArcGISFormat>
    <SyncOnce>TRUE</SyncOnce>
    <ArcGISProfile>ItemDescription</ArcGISProfile>
  </Esri>
  <tool name="tool_19" displayname="Export Raster to PostGIS">
    <parameters>
      <param name="PG_HOST" displayname="Host" type="Optional" direction="Output">
        <dialogReference>&lt;p&gt;Host&lt;/p&gt;&lt;p&gt;Text&lt;/p&gt;&lt;p&gt;Password&lt;/p&gt;</dialogReference>
      </param>
      <param name="PG_PORT" displayname="Port" type="Optional" direction="Output">
        <dialogReference>&lt;p&gt;Port&lt;/p&gt;&lt;p&gt;Integer&lt;/p&gt;&lt;p&gt;Minimum: 0&lt;/p&gt;&lt;p&gt;Default: 5432&lt;/p&gt;</dialogReference>
      </param>
      <param name="PG_NAME" displayname="Database" type="Optional" direction="Output">
        <dialogReference>&lt;p&gt;Database&lt;/p&gt;&lt;p&gt;Text&lt;/p&gt;&lt;p&gt;Database Name&lt;/p&gt;</dialogReference>
      </param>
      <param name="PG_USER" displayname="User" type="Optional" direction="Output">
        <dialogReference>&lt;p&gt;User&lt;/p&gt;&lt;p&gt;Text&lt;/p&gt;&lt;p&gt;User Name&lt;/p&gt;</dialogReference>
      </param>
      <param name="PG_PWD" displayname="Password" type="Optional" direction="Output">
        <dialogReference>&lt;p&gt;Password&lt;/p&gt;&lt;p&gt;Text&lt;/p&gt;&lt;p&gt;Password&lt;/p&gt;</dialogReference>
      </param>
      <param name="GRIDS" displayname="Bands" type="Required" direction="Input">
        <dialogReference>&lt;p&gt;Bands&lt;/p&gt;&lt;p&gt;Grid list (input)&lt;/p&gt;</dialogReference>
      </param>
      <param name="TABLE" displayname="Add to Table" type="Optional" direction="Output">
        <dialogReference>&lt;p&gt;Add to Table&lt;/p&gt;&lt;p&gt;Choice&lt;/p&gt;&lt;p&gt;Available Choices:&lt;/p&gt;&lt;p&gt;[0] &lt;not set&gt;&lt;/p&gt;&lt;p&gt;Default: 0&lt;/p&gt;</dialogReference>
      </param>
      <param name="NAME" displayname="Table Name" type="Optional" direction="Output">
        <dialogReference>&lt;p&gt;Table Name&lt;/p&gt;&lt;p&gt;Text&lt;/p&gt;</dialogReference>
      </param>
      <param name="GRID_NAME" displayname="Band Name Field" type="Optional" direction="Output">
        <dialogReference>&lt;p&gt;Band Name Field&lt;/p&gt;&lt;p&gt;Boolean&lt;/p&gt;&lt;p&gt;Default: 1&lt;/p&gt;</dialogReference>
      </param>
      <param name="CRS_EPSG" displayname="EPSG Code" type="Optional" direction="Output">
        <dialogReference>&lt;p&gt;EPSG Code&lt;/p&gt;&lt;p&gt;Integer&lt;/p&gt;&lt;p&gt;Minimum: -1&lt;/p&gt;&lt;p&gt;Default: -1&lt;/p&gt;</dialogReference>
      </param>
    </parameters>
  </tool>
  <dataIdInfo>
    <idCitation>
      <resTitle>Export Raster to PostGIS</resTitle>
    </idCitation>
    <idCredit>O.Conrad (c) 2013</idCredit>
    <searchKeys>
      <SAGA></SAGA>
    </searchKeys>
  </dataIdInfo>
</metadata>
