<?xml version="1.0" encoding="UTF-8"?>
<metadata xml:lang="en">
  <Esri>
    <CreaDate>20150910</CreaDate>
    <CreaTime>11550000</CreaTime>
    <ArcGISFormat>1.0</ArcGISFormat>
    <SyncOnce>TRUE</SyncOnce>
    <ArcGISProfile>ItemDescription</ArcGISProfile>
  </Esri>
  <tool name="tool_4" displayname="Export Shapes">
    <parameters>
      <param name="SHAPES" displayname="Shapes" type="Required" direction="Input">
        <dialogReference>&lt;p&gt;Shapes&lt;/p&gt;&lt;p&gt;Shapes (input)&lt;/p&gt;</dialogReference>
      </param>
      <param name="FILE" displayname="File" type="Optional" direction="Output">
        <dialogReference>&lt;p&gt;File&lt;/p&gt;&lt;p&gt;File path&lt;/p&gt;</dialogReference>
      </param>
      <param name="FORMAT" displayname="Format" type="Optional" direction="Output">
        <dialogReference>&lt;p&gt;Format&lt;/p&gt;&lt;p&gt;Choice&lt;/p&gt;&lt;p&gt;Available Choices:&lt;/p&gt;&lt;p&gt;[0] Network Common Data Format&lt;/p&gt;&lt;p&gt;[1] AmigoCloud&lt;/p&gt;&lt;p&gt;[2] PostgreSQL/PostGIS&lt;/p&gt;&lt;p&gt;[3] PCIDSK Database File&lt;/p&gt;&lt;p&gt;[4] Geospatial PDF&lt;/p&gt;&lt;p&gt;[5] IBM DB2 Spatial Database&lt;/p&gt;&lt;p&gt;[6] ESRI Shapefile&lt;/p&gt;&lt;p&gt;[7] MapInfo File&lt;/p&gt;&lt;p&gt;[8] IHO S-57 (ENC)&lt;/p&gt;&lt;p&gt;[9] Microstation DGN&lt;/p&gt;&lt;p&gt;[10] Memory&lt;/p&gt;&lt;p&gt;[11] Atlas BNA&lt;/p&gt;&lt;p&gt;[12] Comma Separated Value (.csv)&lt;/p&gt;&lt;p&gt;[13] Geography Markup Language (GML)&lt;/p&gt;&lt;p&gt;[14] GPX&lt;/p&gt;&lt;p&gt;[15] Keyhole Markup Language (LIBKML)&lt;/p&gt;&lt;p&gt;[16] Keyhole Markup Language (KML)&lt;/p&gt;&lt;p&gt;[17] GeoJSON&lt;/p&gt;&lt;p&gt;[18] Interlis 1&lt;/p&gt;&lt;p&gt;[19] Interlis 2&lt;/p&gt;&lt;p&gt;[20] GMT ASCII Vectors (.gmt)&lt;/p&gt;&lt;p&gt;[21] GeoPackage&lt;/p&gt;&lt;p&gt;[22] SQLite / Spatialite&lt;/p&gt;&lt;p&gt;[23] ODBC&lt;/p&gt;&lt;p&gt;[24] WAsP .map format&lt;/p&gt;&lt;p&gt;[25] Microsoft SQL Server Spatial Database&lt;/p&gt;&lt;p&gt;[26] MySQL&lt;/p&gt;&lt;p&gt;[27] AutoCAD DXF&lt;/p&gt;&lt;p&gt;[28] Geoconcept&lt;/p&gt;&lt;p&gt;[29] GeoRSS&lt;/p&gt;&lt;p&gt;[30] GPSTrackMaker&lt;/p&gt;&lt;p&gt;[31] PostgreSQL SQL dump&lt;/p&gt;&lt;p&gt;[32] GPSBabel&lt;/p&gt;&lt;p&gt;[33] Google Fusion Tables&lt;/p&gt;&lt;p&gt;[34] CouchDB / GeoCouch&lt;/p&gt;&lt;p&gt;[35] Cloudant / CouchDB&lt;/p&gt;&lt;p&gt;[36] Open Document/ LibreOffice / OpenOffice Spreadsheet &lt;/p&gt;&lt;p&gt;[37] MS Office Open XML spreadsheet&lt;/p&gt;&lt;p&gt;[38] Elastic Search&lt;/p&gt;&lt;p&gt;[39] Carto&lt;/p&gt;&lt;p&gt;[40] Selafin&lt;/p&gt;&lt;p&gt;[41] OpenJUMP JML&lt;/p&gt;&lt;p&gt;[42] VDV-451/VDV-452/INTREST Data Format&lt;/p&gt;&lt;p&gt;[43] U.S. Census TIGER/Line&lt;/p&gt;&lt;p&gt;Default: 0&lt;/p&gt;</dialogReference>
      </param>
    </parameters>
  </tool>
  <dataIdInfo>
    <idCitation>
      <resTitle>Export Shapes</resTitle>
    </idCitation>
    <idCredit>O.Conrad (c) 2008</idCredit>
    <searchKeys>
      <SAGA></SAGA>
    </searchKeys>
  </dataIdInfo>
</metadata>
