<?xml version="1.0" encoding="UTF-8"?>
<metadata xml:lang="en">
  <Esri>
    <CreaDate>20150910</CreaDate>
    <CreaTime>11550000</CreaTime>
    <ArcGISFormat>1.0</ArcGISFormat>
    <SyncOnce>TRUE</SyncOnce>
    <ArcGISProfile>ItemDescription</ArcGISProfile>
  </Esri>
  <tool name="tool_8" displayname="Split Shapes Layer Completely">
    <parameters>
      <param name="SHAPES" displayname="Input" type="Required" direction="Input">
        <dialogReference>&lt;p&gt;Input&lt;/p&gt;&lt;p&gt;Shapes (input)&lt;/p&gt;</dialogReference>
      </param>
      <param name="FIELD" displayname="Attribute" type="Optional" direction="Output">
        <dialogReference>&lt;p&gt;Attribute&lt;/p&gt;&lt;p&gt;Table field&lt;/p&gt;</dialogReference>
      </param>
      <param name="LIST" displayname="Output" type="Required" direction="Output">
        <dialogReference>&lt;p&gt;Output&lt;/p&gt;&lt;p&gt;Shapes list (output)&lt;/p&gt;</dialogReference>
      </param>
      <param name="NAMING" displayname="Name by..." type="Optional" direction="Output">
        <dialogReference>&lt;p&gt;Name by...&lt;/p&gt;&lt;p&gt;Choice&lt;/p&gt;&lt;p&gt;Available Choices:&lt;/p&gt;&lt;p&gt;[0] number of order&lt;/p&gt;&lt;p&gt;[1] attribute&lt;/p&gt;&lt;p&gt;Default: 0&lt;/p&gt;</dialogReference>
      </param>
    </parameters>
  </tool>
  <dataIdInfo>
    <idCitation>
      <resTitle>Split Shapes Layer Completely</resTitle>
    </idCitation>
    <idCredit>Victor Olaya (c) 2005</idCredit>
    <searchKeys>
      <SAGA></SAGA>
    </searchKeys>
  </dataIdInfo>
</metadata>
