<?xml version="1.0" encoding="UTF-8"?>
<metadata xml:lang="en">
  <Esri>
    <CreaDate>20150910</CreaDate>
    <CreaTime>11550000</CreaTime>
    <ArcGISFormat>1.0</ArcGISFormat>
    <SyncOnce>TRUE</SyncOnce>
    <ArcGISProfile>ItemDescription</ArcGISProfile>
  </Esri>
  <tool name="tool_13" displayname="Difference">
    <parameters>
      <param name="A" displayname="Layer A" type="Required" direction="Input">
        <dialogReference>&lt;p&gt;Layer A&lt;/p&gt;&lt;p&gt;Shapes (input)&lt;/p&gt;</dialogReference>
      </param>
      <param name="B" displayname="Layer B" type="Required" direction="Input">
        <dialogReference>&lt;p&gt;Layer B&lt;/p&gt;&lt;p&gt;Shapes (input)&lt;/p&gt;</dialogReference>
      </param>
      <param name="RESULT" displayname="Difference" type="Required" direction="Output">
        <dialogReference>&lt;p&gt;Difference&lt;/p&gt;&lt;p&gt;Shapes (output)&lt;/p&gt;</dialogReference>
      </param>
      <param name="SPLIT" displayname="Split Parts" type="Optional" direction="Output">
        <dialogReference>&lt;p&gt;Split Parts&lt;/p&gt;&lt;p&gt;Boolean&lt;/p&gt;&lt;p&gt;Default: 1&lt;/p&gt;&lt;p&gt;Set true if you want multipart polygons to become separate polygons.&lt;/p&gt;</dialogReference>
      </param>
    </parameters>
  </tool>
  <dataIdInfo>
    <idCitation>
      <resTitle>Difference</resTitle>
    </idCitation>
    <idCredit>O.Conrad (c) 2003-17</idCredit>
    <searchKeys>
      <SAGA></SAGA>
    </searchKeys>
  </dataIdInfo>
</metadata>
