<?xml version="1.0" encoding="UTF-8"?>
<metadata xml:lang="en">
  <Esri>
    <CreaDate>20150910</CreaDate>
    <CreaTime>11550000</CreaTime>
    <ArcGISFormat>1.0</ArcGISFormat>
    <SyncOnce>TRUE</SyncOnce>
    <ArcGISProfile>ItemDescription</ArcGISProfile>
  </Esri>
  <tool name="tool_10" displayname="Add Polygon Attributes to Points">
    <parameters>
      <param name="INPUT" displayname="Points" type="Required" direction="Input">
        <dialogReference>&lt;p&gt;Points&lt;/p&gt;&lt;p&gt;Shapes (input)&lt;/p&gt;</dialogReference>
      </param>
      <param name="OUTPUT" displayname="Result" type="Optional" direction="Output">
        <dialogReference>&lt;p&gt;Result&lt;/p&gt;&lt;p&gt;Shapes (optional output)&lt;/p&gt;&lt;p&gt;optional&lt;/p&gt;</dialogReference>
      </param>
      <param name="POLYGONS" displayname="Polygons" type="Required" direction="Input">
        <dialogReference>&lt;p&gt;Polygons&lt;/p&gt;&lt;p&gt;Shapes (input)&lt;/p&gt;</dialogReference>
      </param>
      <param name="FIELDS" displayname="Attributes" type="Optional" direction="Output">
        <dialogReference>&lt;p&gt;Attributes&lt;/p&gt;&lt;p&gt;Table fields&lt;/p&gt;&lt;p&gt;Attributes to add. Select none to add all&lt;/p&gt;</dialogReference>
      </param>
    </parameters>
  </tool>
  <dataIdInfo>
    <idCitation>
      <resTitle>Add Polygon Attributes to Points</resTitle>
    </idCitation>
    <idCredit>O.Conrad (c) 2009</idCredit>
    <searchKeys>
      <SAGA></SAGA>
    </searchKeys>
  </dataIdInfo>
</metadata>
