<?xml version="1.0" encoding="UTF-8"?>
<metadata xml:lang="en">
  <Esri>
    <CreaDate>20150910</CreaDate>
    <CreaTime>11550000</CreaTime>
    <ArcGISFormat>1.0</ArcGISFormat>
    <SyncOnce>TRUE</SyncOnce>
    <ArcGISProfile>ItemDescription</ArcGISProfile>
  </Esri>
  <tool name="tool_11" displayname="Create Graticule">
    <parameters>
      <param name="GRATICULE_LINE" displayname="Graticule" type="Required" direction="Output">
        <dialogReference>&lt;p&gt;Graticule&lt;/p&gt;&lt;p&gt;Shapes (output)&lt;/p&gt;</dialogReference>
      </param>
      <param name="GRATICULE_RECT" displayname="Graticule" type="Required" direction="Output">
        <dialogReference>&lt;p&gt;Graticule&lt;/p&gt;&lt;p&gt;Shapes (output)&lt;/p&gt;</dialogReference>
      </param>
      <param name="TYPE" displayname="Type" type="Optional" direction="Output">
        <dialogReference>&lt;p&gt;Type&lt;/p&gt;&lt;p&gt;Choice&lt;/p&gt;&lt;p&gt;Available Choices:&lt;/p&gt;&lt;p&gt;[0] Lines&lt;/p&gt;&lt;p&gt;[1] Rectangles&lt;/p&gt;&lt;p&gt;Default: 0&lt;/p&gt;</dialogReference>
      </param>
      <param name="EXTENT" displayname="Extent" type="Optional" direction="Input">
        <dialogReference>&lt;p&gt;Extent&lt;/p&gt;&lt;p&gt;Shapes (optional input)&lt;/p&gt;&lt;p&gt;optional&lt;/p&gt;</dialogReference>
      </param>
      <param name="EXTENT_X_MIN" displayname="Minimum" type="Optional" direction="Output">
        <dialogReference>&lt;p&gt;Minimum&lt;/p&gt;&lt;p&gt;Floating point&lt;/p&gt;&lt;p&gt;Default: -180.000000&lt;/p&gt;</dialogReference>
      </param>
      <param name="EXTENT_X_MAX" displayname="Maximum" type="Optional" direction="Output">
        <dialogReference>&lt;p&gt;Maximum&lt;/p&gt;&lt;p&gt;Floating point&lt;/p&gt;&lt;p&gt;Default: 180.000000&lt;/p&gt;</dialogReference>
      </param>
      <param name="EXTENT_Y_MIN" displayname="Minimum" type="Optional" direction="Output">
        <dialogReference>&lt;p&gt;Minimum&lt;/p&gt;&lt;p&gt;Floating point&lt;/p&gt;&lt;p&gt;Default: -90.000000&lt;/p&gt;</dialogReference>
      </param>
      <param name="EXTENT_Y_MAX" displayname="Maximum" type="Optional" direction="Output">
        <dialogReference>&lt;p&gt;Maximum&lt;/p&gt;&lt;p&gt;Floating point&lt;/p&gt;&lt;p&gt;Default: 90.000000&lt;/p&gt;</dialogReference>
      </param>
      <param name="DIVISION_X" displayname="Division Width" type="Optional" direction="Output">
        <dialogReference>&lt;p&gt;Division Width&lt;/p&gt;&lt;p&gt;Floating point&lt;/p&gt;&lt;p&gt;Minimum: 0.000000&lt;/p&gt;&lt;p&gt;Default: 10.000000&lt;/p&gt;</dialogReference>
      </param>
      <param name="DIVISION_Y" displayname="Division Height" type="Optional" direction="Output">
        <dialogReference>&lt;p&gt;Division Height&lt;/p&gt;&lt;p&gt;Floating point&lt;/p&gt;&lt;p&gt;Minimum: 0.000000&lt;/p&gt;&lt;p&gt;Default: 10.000000&lt;/p&gt;</dialogReference>
      </param>
      <param name="ALIGNMENT" displayname="Alignment" type="Optional" direction="Output">
        <dialogReference>&lt;p&gt;Alignment&lt;/p&gt;&lt;p&gt;Choice&lt;/p&gt;&lt;p&gt;Available Choices:&lt;/p&gt;&lt;p&gt;[0] bottom-left&lt;/p&gt;&lt;p&gt;[1] top-left&lt;/p&gt;&lt;p&gt;[2] bottom-right&lt;/p&gt;&lt;p&gt;[3] top-right&lt;/p&gt;&lt;p&gt;[4] centered&lt;/p&gt;&lt;p&gt;Default: 0&lt;/p&gt;&lt;p&gt;Determines how the graticule is aligned to the extent, if division sizes do not fit.&lt;/p&gt;</dialogReference>
      </param>
    </parameters>
  </tool>
  <dataIdInfo>
    <idCitation>
      <resTitle>Create Graticule</resTitle>
    </idCitation>
    <idCredit>V.Olaya (c) 2004</idCredit>
    <searchKeys>
      <SAGA></SAGA>
    </searchKeys>
  </dataIdInfo>
</metadata>
