<?xml version="1.0" encoding="UTF-8"?>
<metadata xml:lang="en">
  <Esri>
    <CreaDate>20150910</CreaDate>
    <CreaTime>11550000</CreaTime>
    <ArcGISFormat>1.0</ArcGISFormat>
    <SyncOnce>TRUE</SyncOnce>
    <ArcGISProfile>ItemDescription</ArcGISProfile>
  </Esri>
  <tool name="tool_1" displayname="Polygon Properties">
    <parameters>
      <param name="POLYGONS" displayname="Polygons" type="Required" direction="Input">
        <dialogReference>&lt;p&gt;Polygons&lt;/p&gt;&lt;p&gt;Shapes (input)&lt;/p&gt;</dialogReference>
      </param>
      <param name="OUTPUT" displayname="Polygons with Property Attributes" type="Optional" direction="Output">
        <dialogReference>&lt;p&gt;Polygons with Property Attributes&lt;/p&gt;&lt;p&gt;Shapes (optional output)&lt;/p&gt;&lt;p&gt;optional&lt;/p&gt;&lt;p&gt;If not set property attributes will be added to the orignal layer.&lt;/p&gt;</dialogReference>
      </param>
      <param name="BPARTS" displayname="Number of Parts" type="Optional" direction="Output">
        <dialogReference>&lt;p&gt;Number of Parts&lt;/p&gt;&lt;p&gt;Boolean&lt;/p&gt;&lt;p&gt;Default: 0&lt;/p&gt;</dialogReference>
      </param>
      <param name="BPOINTS" displayname="Number of Vertices" type="Optional" direction="Output">
        <dialogReference>&lt;p&gt;Number of Vertices&lt;/p&gt;&lt;p&gt;Boolean&lt;/p&gt;&lt;p&gt;Default: 0&lt;/p&gt;</dialogReference>
      </param>
      <param name="BLENGTH" displayname="Perimeter" type="Optional" direction="Output">
        <dialogReference>&lt;p&gt;Perimeter&lt;/p&gt;&lt;p&gt;Boolean&lt;/p&gt;&lt;p&gt;Default: 1&lt;/p&gt;</dialogReference>
      </param>
      <param name="BAREA" displayname="Area" type="Optional" direction="Output">
        <dialogReference>&lt;p&gt;Area&lt;/p&gt;&lt;p&gt;Boolean&lt;/p&gt;&lt;p&gt;Default: 1&lt;/p&gt;</dialogReference>
      </param>
      <param name="SCALING" displayname="Scaling" type="Optional" direction="Output">
        <dialogReference>&lt;p&gt;Scaling&lt;/p&gt;&lt;p&gt;Floating point&lt;/p&gt;&lt;p&gt;Minimum: 0.000000&lt;/p&gt;&lt;p&gt;Default: 1.000000&lt;/p&gt;&lt;p&gt;Scaling factor for perimeter and area (squared). meter to feet = 1 / 0.3048 = 3.2808&lt;/p&gt;</dialogReference>
      </param>
    </parameters>
  </tool>
  <dataIdInfo>
    <idCitation>
      <resTitle>Polygon Properties</resTitle>
    </idCitation>
    <idCredit>V.Olaya (c) 2004, O.Conrad (c) 2011</idCredit>
    <searchKeys>
      <SAGA></SAGA>
    </searchKeys>
  </dataIdInfo>
</metadata>
