<?xml version="1.0" encoding="UTF-8"?>
<metadata xml:lang="en">
  <Esri>
    <CreaDate>20150910</CreaDate>
    <CreaTime>11550000</CreaTime>
    <ArcGISFormat>1.0</ArcGISFormat>
    <SyncOnce>TRUE</SyncOnce>
    <ArcGISProfile>ItemDescription</ArcGISProfile>
  </Esri>
  <tool name="tool_9" displayname="Transform Shapes">
    <parameters>
      <param name="SHAPES" displayname="Shapes" type="Required" direction="Input">
        <dialogReference>&lt;p&gt;Shapes&lt;/p&gt;&lt;p&gt;Shapes (input)&lt;/p&gt;</dialogReference>
      </param>
      <param name="TRANSFORM" displayname="Transformed Shapes" type="Optional" direction="Output">
        <dialogReference>&lt;p&gt;Transformed Shapes&lt;/p&gt;&lt;p&gt;Shapes (optional output)&lt;/p&gt;&lt;p&gt;optional&lt;/p&gt;</dialogReference>
      </param>
      <param name="MOVEX" displayname="X" type="Optional" direction="Output">
        <dialogReference>&lt;p&gt;X&lt;/p&gt;&lt;p&gt;Floating point&lt;/p&gt;&lt;p&gt;Default: 0.000000&lt;/p&gt;</dialogReference>
      </param>
      <param name="MOVEY" displayname="Y" type="Optional" direction="Output">
        <dialogReference>&lt;p&gt;Y&lt;/p&gt;&lt;p&gt;Floating point&lt;/p&gt;&lt;p&gt;Default: 0.000000&lt;/p&gt;</dialogReference>
      </param>
      <param name="MOVEZ" displayname="Z" type="Optional" direction="Output">
        <dialogReference>&lt;p&gt;Z&lt;/p&gt;&lt;p&gt;Floating point&lt;/p&gt;&lt;p&gt;Default: 0.000000&lt;/p&gt;</dialogReference>
      </param>
      <param name="ANCHORX" displayname="X" type="Optional" direction="Output">
        <dialogReference>&lt;p&gt;X&lt;/p&gt;&lt;p&gt;Floating point&lt;/p&gt;&lt;p&gt;Default: 0.000000&lt;/p&gt;</dialogReference>
      </param>
      <param name="ANCHORY" displayname="Y" type="Optional" direction="Output">
        <dialogReference>&lt;p&gt;Y&lt;/p&gt;&lt;p&gt;Floating point&lt;/p&gt;&lt;p&gt;Default: 0.000000&lt;/p&gt;</dialogReference>
      </param>
      <param name="ANCHORZ" displayname="Z" type="Optional" direction="Output">
        <dialogReference>&lt;p&gt;Z&lt;/p&gt;&lt;p&gt;Floating point&lt;/p&gt;&lt;p&gt;Default: 0.000000&lt;/p&gt;</dialogReference>
      </param>
      <param name="SCALEX" displayname="X" type="Optional" direction="Output">
        <dialogReference>&lt;p&gt;X&lt;/p&gt;&lt;p&gt;Floating point&lt;/p&gt;&lt;p&gt;Default: 1.000000&lt;/p&gt;</dialogReference>
      </param>
      <param name="SCALEY" displayname="Y" type="Optional" direction="Output">
        <dialogReference>&lt;p&gt;Y&lt;/p&gt;&lt;p&gt;Floating point&lt;/p&gt;&lt;p&gt;Default: 1.000000&lt;/p&gt;</dialogReference>
      </param>
      <param name="SCALEZ" displayname="Z" type="Optional" direction="Output">
        <dialogReference>&lt;p&gt;Z&lt;/p&gt;&lt;p&gt;Floating point&lt;/p&gt;&lt;p&gt;Default: 1.000000&lt;/p&gt;</dialogReference>
      </param>
      <param name="ROTATEX" displayname="X" type="Optional" direction="Output">
        <dialogReference>&lt;p&gt;X&lt;/p&gt;&lt;p&gt;Floating point&lt;/p&gt;&lt;p&gt;Default: 0.000000&lt;/p&gt;</dialogReference>
      </param>
      <param name="ROTATEY" displayname="Y" type="Optional" direction="Output">
        <dialogReference>&lt;p&gt;Y&lt;/p&gt;&lt;p&gt;Floating point&lt;/p&gt;&lt;p&gt;Default: 0.000000&lt;/p&gt;</dialogReference>
      </param>
      <param name="ROTATEZ" displayname="Z" type="Optional" direction="Output">
        <dialogReference>&lt;p&gt;Z&lt;/p&gt;&lt;p&gt;Floating point&lt;/p&gt;&lt;p&gt;Default: 0.000000&lt;/p&gt;</dialogReference>
      </param>
    </parameters>
  </tool>
  <dataIdInfo>
    <idCitation>
      <resTitle>Transform Shapes</resTitle>
    </idCitation>
    <idCredit>Victor Olaya (c) 2004</idCredit>
    <searchKeys>
      <SAGA></SAGA>
    </searchKeys>
  </dataIdInfo>
</metadata>
