<?xml version="1.0" encoding="UTF-8"?>
<metadata xml:lang="en">
  <Esri>
    <CreaDate>20150910</CreaDate>
    <CreaTime>11550000</CreaTime>
    <ArcGISFormat>1.0</ArcGISFormat>
    <SyncOnce>TRUE</SyncOnce>
    <ArcGISProfile>ItemDescription</ArcGISProfile>
  </Esri>
  <tool name="tool_8" displayname="Principle Components Analysis">
    <parameters>
      <param name="GRIDS" displayname="Grids" type="Required" direction="Input">
        <dialogReference>&lt;p&gt;Grids&lt;/p&gt;&lt;p&gt;Grid list (input)&lt;/p&gt;</dialogReference>
      </param>
      <param name="PCA" displayname="Principle Components" type="Required" direction="Output">
        <dialogReference>&lt;p&gt;Principle Components&lt;/p&gt;&lt;p&gt;Grid list (output)&lt;/p&gt;</dialogReference>
      </param>
      <param name="EIGEN" displayname="Eigen Vectors" type="Optional" direction="Output">
        <dialogReference>&lt;p&gt;Eigen Vectors&lt;/p&gt;&lt;p&gt;Table (optional output)&lt;/p&gt;&lt;p&gt;optional&lt;/p&gt;</dialogReference>
      </param>
      <param name="METHOD" displayname="Method" type="Optional" direction="Output">
        <dialogReference>&lt;p&gt;Method&lt;/p&gt;&lt;p&gt;Choice&lt;/p&gt;&lt;p&gt;Available Choices:&lt;/p&gt;&lt;p&gt;[0] correlation matrix&lt;/p&gt;&lt;p&gt;[1] variance-covariance matrix&lt;/p&gt;&lt;p&gt;[2] sums-of-squares-and-cross-products matrix&lt;/p&gt;&lt;p&gt;Default: 1&lt;/p&gt;</dialogReference>
      </param>
      <param name="COMPONENTS" displayname="Number of Components" type="Optional" direction="Output">
        <dialogReference>&lt;p&gt;Number of Components&lt;/p&gt;&lt;p&gt;Integer&lt;/p&gt;&lt;p&gt;Minimum: 0&lt;/p&gt;&lt;p&gt;Default: 3&lt;/p&gt;&lt;p&gt;number of first components in the output; set to zero to get all&lt;/p&gt;</dialogReference>
      </param>
      <param name="OVERWRITE" displayname="Overwrite Previous Results" type="Optional" direction="Output">
        <dialogReference>&lt;p&gt;Overwrite Previous Results&lt;/p&gt;&lt;p&gt;Boolean&lt;/p&gt;&lt;p&gt;Default: 1&lt;/p&gt;</dialogReference>
      </param>
    </parameters>
  </tool>
  <dataIdInfo>
    <idCitation>
      <resTitle>Principle Components Analysis</resTitle>
    </idCitation>
    <idCredit>O.Conrad (c) 2010</idCredit>
    <searchKeys>
      <SAGA></SAGA>
    </searchKeys>
  </dataIdInfo>
</metadata>
