<?xml version="1.0" encoding="UTF-8"?>
<metadata xml:lang="en">
  <Esri>
    <CreaDate>20150910</CreaDate>
    <CreaTime>11550000</CreaTime>
    <ArcGISFormat>1.0</ArcGISFormat>
    <SyncOnce>TRUE</SyncOnce>
    <ArcGISProfile>ItemDescription</ArcGISProfile>
  </Esri>
  <tool name="tool_5" displayname="ANGMAP">
    <parameters>
      <param name="DEM" displayname="Elevation" type="Required" direction="Input">
        <dialogReference>&lt;p&gt;Elevation&lt;/p&gt;&lt;p&gt;Grid (input)&lt;/p&gt;&lt;p&gt;A Digital Elvation Model (DEM)&lt;/p&gt;</dialogReference>
      </param>
      <param name="C" displayname="Dip grid (degrees) " type="Optional" direction="Input">
        <dialogReference>&lt;p&gt;Dip grid (degrees) &lt;/p&gt;&lt;p&gt;Grid (optional input)&lt;/p&gt;&lt;p&gt;optional&lt;/p&gt;&lt;p&gt;A grid representing the dip of the structure plane (in degrees)&lt;/p&gt;</dialogReference>
      </param>
      <param name="D" displayname="Dip direction grid (degrees) " type="Optional" direction="Input">
        <dialogReference>&lt;p&gt;Dip direction grid (degrees) &lt;/p&gt;&lt;p&gt;Grid (optional input)&lt;/p&gt;&lt;p&gt;optional&lt;/p&gt;&lt;p&gt;A grid representing the dip direction of the structure plane (in degrees)&lt;/p&gt;</dialogReference>
      </param>
      <param name="fB" displayname="Global structure dip (degrees)" type="Optional" direction="Output">
        <dialogReference>&lt;p&gt;Global structure dip (degrees)&lt;/p&gt;&lt;p&gt;Floating point&lt;/p&gt;&lt;p&gt;Default: 45.000000&lt;/p&gt;&lt;p&gt;Constant value if no raster set&lt;/p&gt;</dialogReference>
      </param>
      <param name="fC" displayname="Global structure dip direction (degrees)" type="Optional" direction="Output">
        <dialogReference>&lt;p&gt;Global structure dip direction (degrees)&lt;/p&gt;&lt;p&gt;Floating point&lt;/p&gt;&lt;p&gt;Default: 90.000000&lt;/p&gt;&lt;p&gt;Constant value if no raster set&lt;/p&gt;</dialogReference>
      </param>
      <param name="E" displayname="Angle" type="Required" direction="Output">
        <dialogReference>&lt;p&gt;Angle&lt;/p&gt;&lt;p&gt;Grid (output)&lt;/p&gt;&lt;p&gt;Acute angle (degrees) grid&lt;/p&gt;</dialogReference>
      </param>
      <param name="F" displayname="CL dipdir" type="Optional" direction="Output">
        <dialogReference>&lt;p&gt;CL dipdir&lt;/p&gt;&lt;p&gt;Grid (optional output)&lt;/p&gt;&lt;p&gt;optional&lt;/p&gt;&lt;p&gt;Dip direction cutting line (degrees)&lt;/p&gt;</dialogReference>
      </param>
      <param name="G" displayname="CL dip" type="Optional" direction="Output">
        <dialogReference>&lt;p&gt;CL dip&lt;/p&gt;&lt;p&gt;Grid (optional output)&lt;/p&gt;&lt;p&gt;optional&lt;/p&gt;&lt;p&gt;Dip cutting line (degrees)&lt;/p&gt;</dialogReference>
      </param>
    </parameters>
  </tool>
  <dataIdInfo>
    <idCitation>
      <resTitle>ANGMAP</resTitle>
    </idCitation>
    <idCredit>A. G&uuml;nther (c) 2013</idCredit>
    <searchKeys>
      <SAGA></SAGA>
    </searchKeys>
  </dataIdInfo>
</metadata>
