<?xml version="1.0" encoding="UTF-8"?>
<metadata xml:lang="en">
  <Esri>
    <CreaDate>20150910</CreaDate>
    <CreaTime>11550000</CreaTime>
    <ArcGISFormat>1.0</ArcGISFormat>
    <SyncOnce>TRUE</SyncOnce>
    <ArcGISProfile>ItemDescription</ArcGISProfile>
  </Esri>
  <tool name="tool_13" displayname="Land Surface Temperature">
    <parameters>
      <param name="DEM" displayname="Elevation" type="Required" direction="Input">
        <dialogReference>&lt;p&gt;Elevation&lt;/p&gt;&lt;p&gt;Grid (input)&lt;/p&gt;</dialogReference>
      </param>
      <param name="SWR" displayname="Short Wave Radiation" type="Required" direction="Input">
        <dialogReference>&lt;p&gt;Short Wave Radiation&lt;/p&gt;&lt;p&gt;Grid (input)&lt;/p&gt;&lt;p&gt;[kW / m2]&lt;/p&gt;</dialogReference>
      </param>
      <param name="LAI" displayname="Leaf Area Index" type="Required" direction="Input">
        <dialogReference>&lt;p&gt;Leaf Area Index&lt;/p&gt;&lt;p&gt;Grid (input)&lt;/p&gt;</dialogReference>
      </param>
      <param name="LST" displayname="Land Surface Temperature" type="Required" direction="Output">
        <dialogReference>&lt;p&gt;Land Surface Temperature&lt;/p&gt;&lt;p&gt;Grid (output)&lt;/p&gt;</dialogReference>
      </param>
      <param name="Z_REFERENCE" displayname="Elevation at Reference Station" type="Optional" direction="Output">
        <dialogReference>&lt;p&gt;Elevation at Reference Station&lt;/p&gt;&lt;p&gt;Floating point&lt;/p&gt;&lt;p&gt;Default: 0.000000&lt;/p&gt;</dialogReference>
      </param>
      <param name="T_REFERENCE" displayname="Temperature at Reference Station" type="Optional" direction="Output">
        <dialogReference>&lt;p&gt;Temperature at Reference Station&lt;/p&gt;&lt;p&gt;Floating point&lt;/p&gt;&lt;p&gt;Default: 0.000000&lt;/p&gt;&lt;p&gt;Temperature at reference station in degree Celsius.&lt;/p&gt;</dialogReference>
      </param>
      <param name="T_GRADIENT" displayname="Lapse Rate" type="Optional" direction="Output">
        <dialogReference>&lt;p&gt;Lapse Rate&lt;/p&gt;&lt;p&gt;Floating point&lt;/p&gt;&lt;p&gt;Default: 0.600000&lt;/p&gt;&lt;p&gt;Vertical temperature gradient in degree Celsius per 100 meter.&lt;/p&gt;</dialogReference>
      </param>
      <param name="C_FACTOR" displayname="C Factor" type="Optional" direction="Output">
        <dialogReference>&lt;p&gt;C Factor&lt;/p&gt;&lt;p&gt;Floating point&lt;/p&gt;&lt;p&gt;Default: 1.000000&lt;/p&gt;</dialogReference>
      </param>
      <param name="LAI_MAX" displayname="Maximum LAI" type="Optional" direction="Output">
        <dialogReference>&lt;p&gt;Maximum LAI&lt;/p&gt;&lt;p&gt;Floating point&lt;/p&gt;&lt;p&gt;Minimum: 0.010000&lt;/p&gt;&lt;p&gt;Default: 8.000000&lt;/p&gt;</dialogReference>
      </param>
    </parameters>
  </tool>
  <dataIdInfo>
    <idCitation>
      <resTitle>Land Surface Temperature</resTitle>
    </idCitation>
    <idCredit>O.Conrad (c) 2008</idCredit>
    <searchKeys>
      <SAGA></SAGA>
    </searchKeys>
  </dataIdInfo>
</metadata>
