<?xml version="1.0" encoding="UTF-8"?>
<metadata xml:lang="en">
  <Esri>
    <CreaDate>20150910</CreaDate>
    <CreaTime>11550000</CreaTime>
    <ArcGISFormat>1.0</ArcGISFormat>
    <SyncOnce>TRUE</SyncOnce>
    <ArcGISProfile>ItemDescription</ArcGISProfile>
  </Esri>
  <tool name="tool_18" displayname="Flow Width and Specific Catchment Area">
    <parameters>
      <param name="DEM" displayname="Elevation" type="Required" direction="Input">
        <dialogReference>&lt;p&gt;Elevation&lt;/p&gt;&lt;p&gt;Grid (input)&lt;/p&gt;</dialogReference>
      </param>
      <param name="WIDTH" displayname="Flow Width" type="Required" direction="Output">
        <dialogReference>&lt;p&gt;Flow Width&lt;/p&gt;&lt;p&gt;Grid (output)&lt;/p&gt;</dialogReference>
      </param>
      <param name="TCA" displayname="Total Catchment Area (TCA)" type="Optional" direction="Input">
        <dialogReference>&lt;p&gt;Total Catchment Area (TCA)&lt;/p&gt;&lt;p&gt;Grid (optional input)&lt;/p&gt;&lt;p&gt;optional&lt;/p&gt;</dialogReference>
      </param>
      <param name="SCA" displayname="Specific Catchment Area (SCA)" type="Required" direction="Output">
        <dialogReference>&lt;p&gt;Specific Catchment Area (SCA)&lt;/p&gt;&lt;p&gt;Grid (output)&lt;/p&gt;</dialogReference>
      </param>
      <param name="METHOD" displayname="Method" type="Optional" direction="Output">
        <dialogReference>&lt;p&gt;Method&lt;/p&gt;&lt;p&gt;Choice&lt;/p&gt;&lt;p&gt;Available Choices:&lt;/p&gt;&lt;p&gt;[0] Deterministic 8&lt;/p&gt;&lt;p&gt;[1] Multiple Flow Direction (Quinn et al. 1991)&lt;/p&gt;&lt;p&gt;[2] Aspect&lt;/p&gt;&lt;p&gt;Default: 2&lt;/p&gt;</dialogReference>
      </param>
    </parameters>
  </tool>
  <dataIdInfo>
    <idCitation>
      <resTitle>Flow Width and Specific Catchment Area</resTitle>
    </idCitation>
    <idCredit>O.Conrad (c) 2009</idCredit>
    <searchKeys>
      <SAGA></SAGA>
    </searchKeys>
  </dataIdInfo>
</metadata>
