<?xml version="1.0" encoding="UTF-8"?>
<metadata xml:lang="en">
  <Esri>
    <CreaDate>20150910</CreaDate>
    <CreaTime>11550000</CreaTime>
    <ArcGISFormat>1.0</ArcGISFormat>
    <SyncOnce>TRUE</SyncOnce>
    <ArcGISProfile>ItemDescription</ArcGISProfile>
  </Esri>
  <tool name="tool_21" displayname="Terrain Surface Convexity">
    <parameters>
      <param name="DEM" displayname="Elevation" type="Required" direction="Input">
        <dialogReference>&lt;p&gt;Elevation&lt;/p&gt;&lt;p&gt;Grid (input)&lt;/p&gt;</dialogReference>
      </param>
      <param name="CONVEXITY" displayname="Convexity" type="Required" direction="Output">
        <dialogReference>&lt;p&gt;Convexity&lt;/p&gt;&lt;p&gt;Grid (output)&lt;/p&gt;</dialogReference>
      </param>
      <param name="KERNEL" displayname="Laplacian Filter Kernel" type="Optional" direction="Output">
        <dialogReference>&lt;p&gt;Laplacian Filter Kernel&lt;/p&gt;&lt;p&gt;Choice&lt;/p&gt;&lt;p&gt;Available Choices:&lt;/p&gt;&lt;p&gt;[0] conventional four-neighbourhood&lt;/p&gt;&lt;p&gt;[1] conventional eight-neihbourhood&lt;/p&gt;&lt;p&gt;[2] eight-neihbourhood (distance based weighting)&lt;/p&gt;&lt;p&gt;Default: 0&lt;/p&gt;</dialogReference>
      </param>
      <param name="TYPE" displayname="Type" type="Optional" direction="Output">
        <dialogReference>&lt;p&gt;Type&lt;/p&gt;&lt;p&gt;Choice&lt;/p&gt;&lt;p&gt;Available Choices:&lt;/p&gt;&lt;p&gt;[0] convexity&lt;/p&gt;&lt;p&gt;[1] concavity&lt;/p&gt;&lt;p&gt;Default: 0&lt;/p&gt;</dialogReference>
      </param>
      <param name="EPSILON" displayname="Flat Area Threshold" type="Optional" direction="Output">
        <dialogReference>&lt;p&gt;Flat Area Threshold&lt;/p&gt;&lt;p&gt;Floating point&lt;/p&gt;&lt;p&gt;Minimum: 0.000000&lt;/p&gt;&lt;p&gt;Default: 0.000000&lt;/p&gt;</dialogReference>
      </param>
      <param name="SCALE" displayname="Scale (Cells)" type="Optional" direction="Output">
        <dialogReference>&lt;p&gt;Scale (Cells)&lt;/p&gt;&lt;p&gt;Integer&lt;/p&gt;&lt;p&gt;Minimum: 1&lt;/p&gt;&lt;p&gt;Default: 10&lt;/p&gt;</dialogReference>
      </param>
      <param name="METHOD" displayname="Method" type="Optional" direction="Output">
        <dialogReference>&lt;p&gt;Method&lt;/p&gt;&lt;p&gt;Choice&lt;/p&gt;&lt;p&gt;Available Choices:&lt;/p&gt;&lt;p&gt;[0] counting cells&lt;/p&gt;&lt;p&gt;[1] resampling&lt;/p&gt;&lt;p&gt;Default: 1&lt;/p&gt;</dialogReference>
      </param>
      <param name="DW_WEIGHTING" displayname="Weighting Function" type="Optional" direction="Output">
        <dialogReference>&lt;p&gt;Weighting Function&lt;/p&gt;&lt;p&gt;Choice&lt;/p&gt;&lt;p&gt;Available Choices:&lt;/p&gt;&lt;p&gt;[0] no distance weighting&lt;/p&gt;&lt;p&gt;[1] inverse distance to a power&lt;/p&gt;&lt;p&gt;[2] exponential&lt;/p&gt;&lt;p&gt;[3] gaussian weighting&lt;/p&gt;&lt;p&gt;Default: 3&lt;/p&gt;</dialogReference>
      </param>
      <param name="DW_IDW_POWER" displayname="Inverse Distance Weighting Power" type="Optional" direction="Output">
        <dialogReference>&lt;p&gt;Inverse Distance Weighting Power&lt;/p&gt;&lt;p&gt;Floating point&lt;/p&gt;&lt;p&gt;Minimum: 0.000000&lt;/p&gt;&lt;p&gt;Default: 1.000000&lt;/p&gt;</dialogReference>
      </param>
      <param name="DW_IDW_OFFSET" displayname="Inverse Distance Offset" type="Optional" direction="Output">
        <dialogReference>&lt;p&gt;Inverse Distance Offset&lt;/p&gt;&lt;p&gt;Boolean&lt;/p&gt;&lt;p&gt;Default: 1&lt;/p&gt;&lt;p&gt;Calculates weights for distance plus one, avoiding division by zero for zero distances&lt;/p&gt;</dialogReference>
      </param>
      <param name="DW_BANDWIDTH" displayname="Gaussian and Exponential Weighting Bandwidth" type="Optional" direction="Output">
        <dialogReference>&lt;p&gt;Gaussian and Exponential Weighting Bandwidth&lt;/p&gt;&lt;p&gt;Floating point&lt;/p&gt;&lt;p&gt;Minimum: 0.000000&lt;/p&gt;&lt;p&gt;Default: 0.700000&lt;/p&gt;</dialogReference>
      </param>
    </parameters>
  </tool>
  <dataIdInfo>
    <idCitation>
      <resTitle>Terrain Surface Convexity</resTitle>
    </idCitation>
    <idCredit>O.Conrad (c) 2012</idCredit>
    <searchKeys>
      <SAGA></SAGA>
    </searchKeys>
  </dataIdInfo>
</metadata>
