<?xml version="1.0" encoding="UTF-8"?>
<metadata xml:lang="en">
  <Esri>
    <CreaDate>20150910</CreaDate>
    <CreaTime>11550000</CreaTime>
    <ArcGISFormat>1.0</ArcGISFormat>
    <SyncOnce>TRUE</SyncOnce>
    <ArcGISProfile>ItemDescription</ArcGISProfile>
  </Esri>
  <tool name="tool_6" displayname="Strahler Order">
    <parameters>
      <param name="DEM" displayname="Elevation" type="Required" direction="Input">
        <dialogReference>&lt;p&gt;Elevation&lt;/p&gt;&lt;p&gt;Grid (input)&lt;/p&gt;&lt;p&gt;The input elevation data set.&lt;/p&gt;</dialogReference>
      </param>
      <param name="STRAHLER" displayname="Strahler Order" type="Required" direction="Output">
        <dialogReference>&lt;p&gt;Strahler Order&lt;/p&gt;&lt;p&gt;Grid (output)&lt;/p&gt;&lt;p&gt;The output data set with encoded Strahler stream order.&lt;/p&gt;</dialogReference>
      </param>
    </parameters>
  </tool>
  <dataIdInfo>
    <idCitation>
      <resTitle>Strahler Order</resTitle>
    </idCitation>
    <idCredit>Victor Olaya, Volker Wichmann (c) 2004-17</idCredit>
    <searchKeys>
      <SAGA></SAGA>
    </searchKeys>
  </dataIdInfo>
</metadata>
