<?xml version="1.0" encoding="UTF-8"?>
<metadata xml:lang="en">
  <Esri>
    <CreaDate>20150910</CreaDate>
    <CreaTime>11550000</CreaTime>
    <ArcGISFormat>1.0</ArcGISFormat>
    <SyncOnce>TRUE</SyncOnce>
    <ArcGISProfile>ItemDescription</ArcGISProfile>
  </Esri>
  <tool name="tool_1" displayname="Lapse Rate Based Temperature Downscaling (Bulk Processing)">
    <parameters>
      <param name="LORES_DEM" displayname="Elevation" type="Required" direction="Input">
        <dialogReference>&lt;p&gt;Elevation&lt;/p&gt;&lt;p&gt;Grid (input)&lt;/p&gt;</dialogReference>
      </param>
      <param name="LORES_T" displayname="Temperature" type="Required" direction="Input">
        <dialogReference>&lt;p&gt;Temperature&lt;/p&gt;&lt;p&gt;Grid list (input)&lt;/p&gt;</dialogReference>
      </param>
      <param name="HIRES_DEM" displayname="Elevation" type="Required" direction="Input">
        <dialogReference>&lt;p&gt;Elevation&lt;/p&gt;&lt;p&gt;Grid (input)&lt;/p&gt;</dialogReference>
      </param>
      <param name="HIRES_T" displayname="Temperature" type="Required" direction="Output">
        <dialogReference>&lt;p&gt;Temperature&lt;/p&gt;&lt;p&gt;Grid list (output)&lt;/p&gt;</dialogReference>
      </param>
      <param name="LAPSE_RATE" displayname="Constant Lapse Rate" type="Optional" direction="Output">
        <dialogReference>&lt;p&gt;Constant Lapse Rate&lt;/p&gt;&lt;p&gt;Floating point&lt;/p&gt;&lt;p&gt;Minimum: 0.000000&lt;/p&gt;&lt;p&gt;Default: 0.600000&lt;/p&gt;&lt;p&gt;constant lapse rate in degree of temperature per 100 meter. used if no lapse rate grid is specified.&lt;/p&gt;</dialogReference>
      </param>
    </parameters>
  </tool>
  <dataIdInfo>
    <idCitation>
      <resTitle>Lapse Rate Based Temperature Downscaling (Bulk Processing)</resTitle>
    </idCitation>
    <idCredit>O.Conrad (c) 2017</idCredit>
    <searchKeys>
      <SAGA></SAGA>
    </searchKeys>
  </dataIdInfo>
</metadata>
