<?xml version="1.0" encoding="UTF-8"?>
<metadata xml:lang="en">
  <Esri>
    <CreaDate>20150910</CreaDate>
    <CreaTime>11550000</CreaTime>
    <ArcGISFormat>1.0</ArcGISFormat>
    <SyncOnce>TRUE</SyncOnce>
    <ArcGISProfile>ItemDescription</ArcGISProfile>
  </Esri>
  <tool name="tool_10" displayname="Bioclimatic Variables">
    <parameters>
      <param name="TMEAN" displayname="Mean Temperature" type="Required" direction="Input">
        <dialogReference>&lt;p&gt;Mean Temperature&lt;/p&gt;&lt;p&gt;Grid list (input)&lt;/p&gt;</dialogReference>
      </param>
      <param name="TMIN" displayname="Minimum Temperature" type="Required" direction="Input">
        <dialogReference>&lt;p&gt;Minimum Temperature&lt;/p&gt;&lt;p&gt;Grid list (input)&lt;/p&gt;</dialogReference>
      </param>
      <param name="TMAX" displayname="Maximum Temperature" type="Required" direction="Input">
        <dialogReference>&lt;p&gt;Maximum Temperature&lt;/p&gt;&lt;p&gt;Grid list (input)&lt;/p&gt;</dialogReference>
      </param>
      <param name="P" displayname="Precipitation" type="Required" direction="Input">
        <dialogReference>&lt;p&gt;Precipitation&lt;/p&gt;&lt;p&gt;Grid list (input)&lt;/p&gt;</dialogReference>
      </param>
      <param name="BIO_01" displayname="Annual Mean Temperature" type="Required" direction="Output">
        <dialogReference>&lt;p&gt;Annual Mean Temperature&lt;/p&gt;&lt;p&gt;Grid (output)&lt;/p&gt;</dialogReference>
      </param>
      <param name="BIO_02" displayname="Mean Diurnal Range" type="Required" direction="Output">
        <dialogReference>&lt;p&gt;Mean Diurnal Range&lt;/p&gt;&lt;p&gt;Grid (output)&lt;/p&gt;</dialogReference>
      </param>
      <param name="BIO_03" displayname="Isothermality" type="Required" direction="Output">
        <dialogReference>&lt;p&gt;Isothermality&lt;/p&gt;&lt;p&gt;Grid (output)&lt;/p&gt;</dialogReference>
      </param>
      <param name="BIO_04" displayname="Temperature Seasonality" type="Required" direction="Output">
        <dialogReference>&lt;p&gt;Temperature Seasonality&lt;/p&gt;&lt;p&gt;Grid (output)&lt;/p&gt;</dialogReference>
      </param>
      <param name="BIO_05" displayname="Maximum Temperature of Warmest Month" type="Required" direction="Output">
        <dialogReference>&lt;p&gt;Maximum Temperature of Warmest Month&lt;/p&gt;&lt;p&gt;Grid (output)&lt;/p&gt;</dialogReference>
      </param>
      <param name="BIO_06" displayname="Minimum Temperature of Coldest Month" type="Required" direction="Output">
        <dialogReference>&lt;p&gt;Minimum Temperature of Coldest Month&lt;/p&gt;&lt;p&gt;Grid (output)&lt;/p&gt;</dialogReference>
      </param>
      <param name="BIO_07" displayname="Temperature Annual Range" type="Required" direction="Output">
        <dialogReference>&lt;p&gt;Temperature Annual Range&lt;/p&gt;&lt;p&gt;Grid (output)&lt;/p&gt;</dialogReference>
      </param>
      <param name="BIO_08" displayname="Mean Temperature of Wettest Quarter" type="Required" direction="Output">
        <dialogReference>&lt;p&gt;Mean Temperature of Wettest Quarter&lt;/p&gt;&lt;p&gt;Grid (output)&lt;/p&gt;</dialogReference>
      </param>
      <param name="BIO_09" displayname="Mean Temperature of Driest Quarter" type="Required" direction="Output">
        <dialogReference>&lt;p&gt;Mean Temperature of Driest Quarter&lt;/p&gt;&lt;p&gt;Grid (output)&lt;/p&gt;</dialogReference>
      </param>
      <param name="BIO_10" displayname="Mean Temperature of Warmest Quarter" type="Required" direction="Output">
        <dialogReference>&lt;p&gt;Mean Temperature of Warmest Quarter&lt;/p&gt;&lt;p&gt;Grid (output)&lt;/p&gt;</dialogReference>
      </param>
      <param name="BIO_11" displayname="Mean Temperature of Coldest Quarter" type="Required" direction="Output">
        <dialogReference>&lt;p&gt;Mean Temperature of Coldest Quarter&lt;/p&gt;&lt;p&gt;Grid (output)&lt;/p&gt;</dialogReference>
      </param>
      <param name="BIO_12" displayname="Annual Precipitation" type="Required" direction="Output">
        <dialogReference>&lt;p&gt;Annual Precipitation&lt;/p&gt;&lt;p&gt;Grid (output)&lt;/p&gt;</dialogReference>
      </param>
      <param name="BIO_13" displayname="Precipitation of Wettest Month" type="Required" direction="Output">
        <dialogReference>&lt;p&gt;Precipitation of Wettest Month&lt;/p&gt;&lt;p&gt;Grid (output)&lt;/p&gt;</dialogReference>
      </param>
      <param name="BIO_14" displayname="Precipitation of Driest Month" type="Required" direction="Output">
        <dialogReference>&lt;p&gt;Precipitation of Driest Month&lt;/p&gt;&lt;p&gt;Grid (output)&lt;/p&gt;</dialogReference>
      </param>
      <param name="BIO_15" displayname="Precipitation Seasonality" type="Required" direction="Output">
        <dialogReference>&lt;p&gt;Precipitation Seasonality&lt;/p&gt;&lt;p&gt;Grid (output)&lt;/p&gt;</dialogReference>
      </param>
      <param name="BIO_16" displayname="Precipitation of Wettest Quarter" type="Required" direction="Output">
        <dialogReference>&lt;p&gt;Precipitation of Wettest Quarter&lt;/p&gt;&lt;p&gt;Grid (output)&lt;/p&gt;</dialogReference>
      </param>
      <param name="BIO_17" displayname="Precipitation of Driest Quarter" type="Required" direction="Output">
        <dialogReference>&lt;p&gt;Precipitation of Driest Quarter&lt;/p&gt;&lt;p&gt;Grid (output)&lt;/p&gt;</dialogReference>
      </param>
      <param name="BIO_18" displayname="Precipitation of Warmest Quarter" type="Required" direction="Output">
        <dialogReference>&lt;p&gt;Precipitation of Warmest Quarter&lt;/p&gt;&lt;p&gt;Grid (output)&lt;/p&gt;</dialogReference>
      </param>
      <param name="BIO_19" displayname="Precipitation of Coldest Quarter" type="Required" direction="Output">
        <dialogReference>&lt;p&gt;Precipitation of Coldest Quarter&lt;/p&gt;&lt;p&gt;Grid (output)&lt;/p&gt;</dialogReference>
      </param>
      <param name="SEASONALITY" displayname="Temperature Seasonality" type="Optional" direction="Output">
        <dialogReference>&lt;p&gt;Temperature Seasonality&lt;/p&gt;&lt;p&gt;Choice&lt;/p&gt;&lt;p&gt;Available Choices:&lt;/p&gt;&lt;p&gt;[0] Coefficient of Variation&lt;/p&gt;&lt;p&gt;[1] Standard Deviation&lt;/p&gt;&lt;p&gt;Default: 1&lt;/p&gt;</dialogReference>
      </param>
    </parameters>
  </tool>
  <dataIdInfo>
    <idCitation>
      <resTitle>Bioclimatic Variables</resTitle>
    </idCitation>
    <idCredit>O.Conrad (c) 2016</idCredit>
    <searchKeys>
      <SAGA></SAGA>
    </searchKeys>
  </dataIdInfo>
</metadata>
