<?xml version="1.0" encoding="UTF-8"?>
<metadata xml:lang="en">
  <Esri>
    <CreaDate>20150910</CreaDate>
    <CreaTime>11550000</CreaTime>
    <ArcGISFormat>1.0</ArcGISFormat>
    <SyncOnce>TRUE</SyncOnce>
    <ArcGISProfile>ItemDescription</ArcGISProfile>
  </Esri>
  <tool name="tool_18" displayname="Growing Degree Days">
    <parameters>
      <param name="TMEAN" displayname="Mean Monthly Temperatures" type="Required" direction="Input">
        <dialogReference>&lt;p&gt;Mean Monthly Temperatures&lt;/p&gt;&lt;p&gt;Grid list (input)&lt;/p&gt;&lt;p&gt;Monthly (12) temperature observations.&lt;/p&gt;</dialogReference>
      </param>
      <param name="TBASE" displayname="Base Temperature" type="Optional" direction="Output">
        <dialogReference>&lt;p&gt;Base Temperature&lt;/p&gt;&lt;p&gt;Floating point&lt;/p&gt;&lt;p&gt;Default: 0.000000&lt;/p&gt;&lt;p&gt;Base temperature in degree Celsius&lt;/p&gt;</dialogReference>
      </param>
      <param name="NGDD" displayname="Number of Days above Base Temperature" type="Required" direction="Output">
        <dialogReference>&lt;p&gt;Number of Days above Base Temperature&lt;/p&gt;&lt;p&gt;Grid (output)&lt;/p&gt;&lt;p&gt;Number of days above base temperature.&lt;/p&gt;</dialogReference>
      </param>
      <param name="TSUM" displayname="Growing Degree Days" type="Required" direction="Output">
        <dialogReference>&lt;p&gt;Growing Degree Days&lt;/p&gt;&lt;p&gt;Grid (output)&lt;/p&gt;&lt;p&gt;Integral of daily temperature above base temperature.&lt;/p&gt;</dialogReference>
      </param>
      <param name="FIRST" displayname="First Growing Degree Day" type="Optional" direction="Output">
        <dialogReference>&lt;p&gt;First Growing Degree Day&lt;/p&gt;&lt;p&gt;Grid (optional output)&lt;/p&gt;&lt;p&gt;optional&lt;/p&gt;&lt;p&gt;First growing degree day of the year (1-365).&lt;/p&gt;</dialogReference>
      </param>
      <param name="LAST" displayname="Last Growing Degree Day" type="Optional" direction="Output">
        <dialogReference>&lt;p&gt;Last Growing Degree Day&lt;/p&gt;&lt;p&gt;Grid (optional output)&lt;/p&gt;&lt;p&gt;optional&lt;/p&gt;&lt;p&gt;Last growing degree day of the year (1-365).&lt;/p&gt;</dialogReference>
      </param>
    </parameters>
  </tool>
  <dataIdInfo>
    <idCitation>
      <resTitle>Growing Degree Days</resTitle>
    </idCitation>
    <idCredit>D.N. Karger (c) 2017</idCredit>
    <searchKeys>
      <SAGA></SAGA>
    </searchKeys>
  </dataIdInfo>
</metadata>
