<?xml version="1.0" encoding="UTF-8"?>
<metadata xml:lang="en">
  <Esri>
    <CreaDate>20150910</CreaDate>
    <CreaTime>11550000</CreaTime>
    <ArcGISFormat>1.0</ArcGISFormat>
    <SyncOnce>TRUE</SyncOnce>
    <ArcGISProfile>ItemDescription</ArcGISProfile>
  </Esri>
  <tool name="tool_20" displayname="Soil Water Balance">
    <parameters>
      <param name="T" displayname="Mean Temperature" type="Required" direction="Input">
        <dialogReference>&lt;p&gt;Mean Temperature&lt;/p&gt;&lt;p&gt;Grid list (input)&lt;/p&gt;</dialogReference>
      </param>
      <param name="TMIN" displayname="Minimum Temperature" type="Required" direction="Input">
        <dialogReference>&lt;p&gt;Minimum Temperature&lt;/p&gt;&lt;p&gt;Grid list (input)&lt;/p&gt;</dialogReference>
      </param>
      <param name="TMAX" displayname="Maximum Temperature" type="Required" direction="Input">
        <dialogReference>&lt;p&gt;Maximum Temperature&lt;/p&gt;&lt;p&gt;Grid list (input)&lt;/p&gt;</dialogReference>
      </param>
      <param name="P" displayname="Precipitation" type="Required" direction="Input">
        <dialogReference>&lt;p&gt;Precipitation&lt;/p&gt;&lt;p&gt;Grid list (input)&lt;/p&gt;</dialogReference>
      </param>
      <param name="SWC" displayname="Soil Water Capacity of Profile" type="Optional" direction="Input">
        <dialogReference>&lt;p&gt;Soil Water Capacity of Profile&lt;/p&gt;&lt;p&gt;Grid (optional input)&lt;/p&gt;&lt;p&gt;optional&lt;/p&gt;&lt;p&gt;Total soil water capacity (mm H2O).&lt;/p&gt;</dialogReference>
      </param>
      <param name="SWC_DEFAULT" displayname="Default" type="Optional" direction="Output">
        <dialogReference>&lt;p&gt;Default&lt;/p&gt;&lt;p&gt;Floating point&lt;/p&gt;&lt;p&gt;Minimum: 0.000000&lt;/p&gt;&lt;p&gt;Default: 220.000000&lt;/p&gt;&lt;p&gt;default value if no grid has been selected&lt;/p&gt;</dialogReference>
      </param>
      <param name="SWC_SURFACE" displayname="Top Soil Water Capacity" type="Optional" direction="Output">
        <dialogReference>&lt;p&gt;Top Soil Water Capacity&lt;/p&gt;&lt;p&gt;Floating point&lt;/p&gt;&lt;p&gt;Minimum: 0.000000&lt;/p&gt;&lt;p&gt;Default: 30.000000&lt;/p&gt;</dialogReference>
      </param>
      <param name="SW1_RESIST" displayname="Transpiration Resistance" type="Optional" direction="Output">
        <dialogReference>&lt;p&gt;Transpiration Resistance&lt;/p&gt;&lt;p&gt;Floating point&lt;/p&gt;&lt;p&gt;Minimum: 0.000000&lt;/p&gt;&lt;p&gt;Default: 0.500000&lt;/p&gt;</dialogReference>
      </param>
      <param name="LAT_DEF" displayname="Default Latitude" type="Optional" direction="Output">
        <dialogReference>&lt;p&gt;Default Latitude&lt;/p&gt;&lt;p&gt;Floating point&lt;/p&gt;&lt;p&gt;Minimum: -90.000000&lt;/p&gt;&lt;p&gt;Maximum: 90.000000&lt;/p&gt;&lt;p&gt;Default: 0.000000&lt;/p&gt;</dialogReference>
      </param>
    </parameters>
  </tool>
  <dataIdInfo>
    <idCitation>
      <resTitle>Soil Water Balance</resTitle>
    </idCitation>
    <idCredit>O.Conrad, L.Landschreiber (c) 2016</idCredit>
    <searchKeys>
      <SAGA></SAGA>
    </searchKeys>
  </dataIdInfo>
</metadata>
