<?xml version="1.0" encoding="UTF-8"?>
<metadata xml:lang="en">
  <Esri>
    <CreaDate>20150910</CreaDate>
    <CreaTime>11550000</CreaTime>
    <ArcGISFormat>1.0</ArcGISFormat>
    <SyncOnce>TRUE</SyncOnce>
    <ArcGISProfile>ItemDescription</ArcGISProfile>
  </Esri>
  <tool name="tool_14" displayname="Frost Change Frequency">
    <parameters>
      <param name="TMIN" displayname="Minimum Temperature" type="Required" direction="Input">
        <dialogReference>&lt;p&gt;Minimum Temperature&lt;/p&gt;&lt;p&gt;Grid list (input)&lt;/p&gt;&lt;p&gt;Monthly (12) or daily (365) temperature observations.&lt;/p&gt;</dialogReference>
      </param>
      <param name="TMAX" displayname="Maximum Temperature" type="Required" direction="Input">
        <dialogReference>&lt;p&gt;Maximum Temperature&lt;/p&gt;&lt;p&gt;Grid list (input)&lt;/p&gt;&lt;p&gt;Monthly (12) or daily (365) temperature observations.&lt;/p&gt;</dialogReference>
      </param>
      <param name="FREQUENCY" displayname="Frost Change Frequency" type="Required" direction="Output">
        <dialogReference>&lt;p&gt;Frost Change Frequency&lt;/p&gt;&lt;p&gt;Grid (output)&lt;/p&gt;&lt;p&gt;The number of days with frost change.&lt;/p&gt;</dialogReference>
      </param>
      <param name="DT_MEAN" displayname="Mean Temperature Span" type="Optional" direction="Output">
        <dialogReference>&lt;p&gt;Mean Temperature Span&lt;/p&gt;&lt;p&gt;Grid (optional output)&lt;/p&gt;&lt;p&gt;optional&lt;/p&gt;&lt;p&gt;Mean daily temperature span of frost change days.&lt;/p&gt;</dialogReference>
      </param>
      <param name="DT_MAX" displayname="Maximum Temperature Span" type="Optional" direction="Output">
        <dialogReference>&lt;p&gt;Maximum Temperature Span&lt;/p&gt;&lt;p&gt;Grid (optional output)&lt;/p&gt;&lt;p&gt;optional&lt;/p&gt;&lt;p&gt;Maximum daily temperature span of frost change days.&lt;/p&gt;</dialogReference>
      </param>
      <param name="DT_STDV" displayname="Standard Deviation of Temperature Span" type="Optional" direction="Output">
        <dialogReference>&lt;p&gt;Standard Deviation of Temperature Span&lt;/p&gt;&lt;p&gt;Grid (optional output)&lt;/p&gt;&lt;p&gt;optional&lt;/p&gt;&lt;p&gt;Standard deviation of daily temperature span of frost change days.&lt;/p&gt;</dialogReference>
      </param>
      <param name="TMIN_MEAN" displayname="Mean Minimum Temperature" type="Optional" direction="Output">
        <dialogReference>&lt;p&gt;Mean Minimum Temperature&lt;/p&gt;&lt;p&gt;Grid (optional output)&lt;/p&gt;&lt;p&gt;optional&lt;/p&gt;&lt;p&gt;Mean daily minimum temperature of frost change days.&lt;/p&gt;</dialogReference>
      </param>
      <param name="TMIN_MIN" displayname="Minimum Temperature" type="Optional" direction="Output">
        <dialogReference>&lt;p&gt;Minimum Temperature&lt;/p&gt;&lt;p&gt;Grid (optional output)&lt;/p&gt;&lt;p&gt;optional&lt;/p&gt;&lt;p&gt;Coldest daily minimum temperature of all frost change days.&lt;/p&gt;</dialogReference>
      </param>
    </parameters>
  </tool>
  <dataIdInfo>
    <idCitation>
      <resTitle>Frost Change Frequency</resTitle>
    </idCitation>
    <idCredit>O.Conrad (c) 2016</idCredit>
    <searchKeys>
      <SAGA></SAGA>
    </searchKeys>
  </dataIdInfo>
</metadata>
