<?xml version="1.0" encoding="UTF-8"?>
<metadata xml:lang="en">
  <Esri>
    <CreaDate>20150910</CreaDate>
    <CreaTime>11550000</CreaTime>
    <ArcGISFormat>1.0</ArcGISFormat>
    <SyncOnce>TRUE</SyncOnce>
    <ArcGISProfile>ItemDescription</ArcGISProfile>
  </Esri>
  <tool name="tool_0" displayname="Accumulated Cost">
    <parameters>
      <param name="DEST_TYPE" displayname="Input Type of Destinations" type="Optional" direction="Output">
        <dialogReference>&lt;p&gt;Input Type of Destinations&lt;/p&gt;&lt;p&gt;Choice&lt;/p&gt;&lt;p&gt;Available Choices:&lt;/p&gt;&lt;p&gt;[0] Point&lt;/p&gt;&lt;p&gt;[1] Grid&lt;/p&gt;&lt;p&gt;Default: 0&lt;/p&gt;</dialogReference>
      </param>
      <param name="DEST_POINTS" displayname="Destinations" type="Required" direction="Input">
        <dialogReference>&lt;p&gt;Destinations&lt;/p&gt;&lt;p&gt;Shapes (input)&lt;/p&gt;</dialogReference>
      </param>
      <param name="DEST_GRID" displayname="Destinations" type="Required" direction="Input">
        <dialogReference>&lt;p&gt;Destinations&lt;/p&gt;&lt;p&gt;Grid (input)&lt;/p&gt;</dialogReference>
      </param>
      <param name="COST" displayname="Local Cost" type="Required" direction="Input">
        <dialogReference>&lt;p&gt;Local Cost&lt;/p&gt;&lt;p&gt;Grid (input)&lt;/p&gt;</dialogReference>
      </param>
      <param name="DIR_MAXCOST" displayname="Direction of Maximum Cost" type="Optional" direction="Input">
        <dialogReference>&lt;p&gt;Direction of Maximum Cost&lt;/p&gt;&lt;p&gt;Grid (optional input)&lt;/p&gt;&lt;p&gt;optional&lt;/p&gt;</dialogReference>
      </param>
      <param name="DIR_UNIT" displayname="Units of Direction" type="Optional" direction="Output">
        <dialogReference>&lt;p&gt;Units of Direction&lt;/p&gt;&lt;p&gt;Choice&lt;/p&gt;&lt;p&gt;Available Choices:&lt;/p&gt;&lt;p&gt;[0] radians&lt;/p&gt;&lt;p&gt;[1] degree&lt;/p&gt;&lt;p&gt;Default: 0&lt;/p&gt;</dialogReference>
      </param>
      <param name="DIR_K" displayname="K Factor" type="Optional" direction="Output">
        <dialogReference>&lt;p&gt;K Factor&lt;/p&gt;&lt;p&gt;Floating point&lt;/p&gt;&lt;p&gt;Default: 2.000000&lt;/p&gt;&lt;p&gt;effective friction = stated friction ^f , where f = cos(DifAngle)^k.&lt;/p&gt;</dialogReference>
      </param>
      <param name="ACCUMULATED" displayname="Accumulated Cost" type="Required" direction="Output">
        <dialogReference>&lt;p&gt;Accumulated Cost&lt;/p&gt;&lt;p&gt;Grid (output)&lt;/p&gt;</dialogReference>
      </param>
      <param name="ALLOCATION" displayname="Allocation" type="Required" direction="Output">
        <dialogReference>&lt;p&gt;Allocation&lt;/p&gt;&lt;p&gt;Grid (output)&lt;/p&gt;</dialogReference>
      </param>
      <param name="THRESHOLD" displayname="Threshold for different route" type="Optional" direction="Output">
        <dialogReference>&lt;p&gt;Threshold for different route&lt;/p&gt;&lt;p&gt;Floating point&lt;/p&gt;&lt;p&gt;Minimum: 0.000000&lt;/p&gt;&lt;p&gt;Default: 0.000000&lt;/p&gt;</dialogReference>
      </param>
    </parameters>
  </tool>
  <dataIdInfo>
    <idCitation>
      <resTitle>Accumulated Cost</resTitle>
    </idCitation>
    <idCredit>Victor Olaya (c) 2004</idCredit>
    <searchKeys>
      <SAGA></SAGA>
    </searchKeys>
  </dataIdInfo>
</metadata>
