<?xml version="1.0" encoding="UTF-8"?>
<metadata xml:lang="en">
  <Esri>
    <CreaDate>20150910</CreaDate>
    <CreaTime>11550000</CreaTime>
    <ArcGISFormat>1.0</ArcGISFormat>
    <SyncOnce>TRUE</SyncOnce>
    <ArcGISProfile>ItemDescription</ArcGISProfile>
  </Esri>
  <tool name="tool_13" displayname="Fuzzy Union (OR)">
    <parameters>
      <param name="GRIDS" displayname="Grids" type="Required" direction="Input">
        <dialogReference>&lt;p&gt;Grids&lt;/p&gt;&lt;p&gt;Grid list (input)&lt;/p&gt;</dialogReference>
      </param>
      <param name="OR" displayname="Union" type="Required" direction="Output">
        <dialogReference>&lt;p&gt;Union&lt;/p&gt;&lt;p&gt;Grid (output)&lt;/p&gt;</dialogReference>
      </param>
      <param name="TYPE" displayname="Operator Type" type="Optional" direction="Output">
        <dialogReference>&lt;p&gt;Operator Type&lt;/p&gt;&lt;p&gt;Choice&lt;/p&gt;&lt;p&gt;Available Choices:&lt;/p&gt;&lt;p&gt;[0] max(a, b) (non-interactive)&lt;/p&gt;&lt;p&gt;[1] a + b - a * b&lt;/p&gt;&lt;p&gt;[2] min(1, a + b)&lt;/p&gt;&lt;p&gt;Default: 0&lt;/p&gt;</dialogReference>
      </param>
    </parameters>
  </tool>
  <dataIdInfo>
    <idCitation>
      <resTitle>Fuzzy Union (OR)</resTitle>
    </idCitation>
    <idCredit>Antonio Boggia and Gianluca Massei (c) 2004</idCredit>
    <searchKeys>
      <SAGA></SAGA>
    </searchKeys>
  </dataIdInfo>
</metadata>
