<?xml version="1.0" encoding="UTF-8"?>
<metadata xml:lang="en">
  <Esri>
    <CreaDate>20150910</CreaDate>
    <CreaTime>11550000</CreaTime>
    <ArcGISFormat>1.0</ArcGISFormat>
    <SyncOnce>TRUE</SyncOnce>
    <ArcGISProfile>ItemDescription</ArcGISProfile>
  </Esri>
  <tool name="tool_6" displayname="Majority/Minority Filter">
    <parameters>
      <param name="INPUT" displayname="Grid" type="Required" direction="Input">
        <dialogReference>&lt;p&gt;Grid&lt;/p&gt;&lt;p&gt;Grid (input)&lt;/p&gt;</dialogReference>
      </param>
      <param name="RESULT" displayname="Filtered Grid" type="Optional" direction="Output">
        <dialogReference>&lt;p&gt;Filtered Grid&lt;/p&gt;&lt;p&gt;Grid (optional output)&lt;/p&gt;&lt;p&gt;optional&lt;/p&gt;</dialogReference>
      </param>
      <param name="TYPE" displayname="Type" type="Optional" direction="Output">
        <dialogReference>&lt;p&gt;Type&lt;/p&gt;&lt;p&gt;Choice&lt;/p&gt;&lt;p&gt;Available Choices:&lt;/p&gt;&lt;p&gt;[0] Majority&lt;/p&gt;&lt;p&gt;[1] Minority&lt;/p&gt;&lt;p&gt;Default: 0&lt;/p&gt;</dialogReference>
      </param>
      <param name="THRESHOLD" displayname="Threshold" type="Optional" direction="Output">
        <dialogReference>&lt;p&gt;Threshold&lt;/p&gt;&lt;p&gt;Floating point&lt;/p&gt;&lt;p&gt;Minimum: 0.000000&lt;/p&gt;&lt;p&gt;Maximum: 100.000000&lt;/p&gt;&lt;p&gt;Default: 0.000000&lt;/p&gt;&lt;p&gt;The majority/minority threshold [percent].&lt;/p&gt;</dialogReference>
      </param>
      <param name="KERNEL_TYPE" displayname="Kernel Type" type="Optional" direction="Output">
        <dialogReference>&lt;p&gt;Kernel Type&lt;/p&gt;&lt;p&gt;Choice&lt;/p&gt;&lt;p&gt;Available Choices:&lt;/p&gt;&lt;p&gt;[0] Square&lt;/p&gt;&lt;p&gt;[1] Circle&lt;/p&gt;&lt;p&gt;Default: 1&lt;/p&gt;&lt;p&gt;The shape of the filter kernel.&lt;/p&gt;</dialogReference>
      </param>
      <param name="KERNEL_RADIUS" displayname="Kernel Radius" type="Optional" direction="Output">
        <dialogReference>&lt;p&gt;Kernel Radius&lt;/p&gt;&lt;p&gt;Integer&lt;/p&gt;&lt;p&gt;Minimum: 0&lt;/p&gt;&lt;p&gt;Default: 2&lt;/p&gt;&lt;p&gt;The kernel radius in cells.&lt;/p&gt;</dialogReference>
      </param>
    </parameters>
  </tool>
  <dataIdInfo>
    <idCitation>
      <resTitle>Majority/Minority Filter</resTitle>
    </idCitation>
    <idCredit>O.Conrad (c) 2010</idCredit>
    <searchKeys>
      <SAGA></SAGA>
    </searchKeys>
  </dataIdInfo>
</metadata>
