<?xml version="1.0" encoding="UTF-8"?>
<metadata xml:lang="en">
  <Esri>
    <CreaDate>20150910</CreaDate>
    <CreaTime>11550000</CreaTime>
    <ArcGISFormat>1.0</ArcGISFormat>
    <SyncOnce>TRUE</SyncOnce>
    <ArcGISProfile>ItemDescription</ArcGISProfile>
  </Esri>
  <tool name="tool_38" displayname="Change Grid Values - Flood Fill">
    <parameters>
      <param name="POINTS" displayname="Points" type="Required" direction="Input">
        <dialogReference>&lt;p&gt;Points&lt;/p&gt;&lt;p&gt;Shapes (input)&lt;/p&gt;</dialogReference>
      </param>
      <param name="GRID" displayname="Grid" type="Required" direction="Input">
        <dialogReference>&lt;p&gt;Grid&lt;/p&gt;&lt;p&gt;Grid (input)&lt;/p&gt;</dialogReference>
      </param>
      <param name="GRID_OUT" displayname="Changed Grid" type="Optional" direction="Output">
        <dialogReference>&lt;p&gt;Changed Grid&lt;/p&gt;&lt;p&gt;Grid (optional output)&lt;/p&gt;&lt;p&gt;optional&lt;/p&gt;</dialogReference>
      </param>
      <param name="REPLACE" displayname="Value to be replaced" type="Optional" direction="Output">
        <dialogReference>&lt;p&gt;Value to be replaced&lt;/p&gt;&lt;p&gt;Choice&lt;/p&gt;&lt;p&gt;Available Choices:&lt;/p&gt;&lt;p&gt;[0] value at mouse position&lt;/p&gt;&lt;p&gt;[1] fixed value&lt;/p&gt;&lt;p&gt;Default: 0&lt;/p&gt;</dialogReference>
      </param>
      <param name="REPLACE_VALUE" displayname="Fixed value to be replaced" type="Optional" direction="Output">
        <dialogReference>&lt;p&gt;Fixed value to be replaced&lt;/p&gt;&lt;p&gt;Floating point&lt;/p&gt;&lt;p&gt;Default: 0.000000&lt;/p&gt;&lt;p&gt;Replace only this value with respect to the specified tolerance.&lt;/p&gt;</dialogReference>
      </param>
      <param name="TOLERANCE" displayname="Tolerance" type="Optional" direction="Output">
        <dialogReference>&lt;p&gt;Tolerance&lt;/p&gt;&lt;p&gt;Floating point&lt;/p&gt;&lt;p&gt;Minimum: 0.000000&lt;/p&gt;&lt;p&gt;Default: 1.000000&lt;/p&gt;</dialogReference>
      </param>
      <param name="IGNORE_NODATA" displayname="Ignore No-Data" type="Optional" direction="Output">
        <dialogReference>&lt;p&gt;Ignore No-Data&lt;/p&gt;&lt;p&gt;Boolean&lt;/p&gt;&lt;p&gt;Default: 1&lt;/p&gt;&lt;p&gt;Do not fill areas representing no-data.&lt;/p&gt;</dialogReference>
      </param>
      <param name="FILL_NODATA" displayname="Fill with No-Data" type="Optional" direction="Output">
        <dialogReference>&lt;p&gt;Fill with No-Data&lt;/p&gt;&lt;p&gt;Boolean&lt;/p&gt;&lt;p&gt;Default: 0&lt;/p&gt;</dialogReference>
      </param>
      <param name="FILL_VALUE" displayname="Fill Value" type="Optional" direction="Output">
        <dialogReference>&lt;p&gt;Fill Value&lt;/p&gt;&lt;p&gt;Floating point&lt;/p&gt;&lt;p&gt;Default: 0.000000&lt;/p&gt;</dialogReference>
      </param>
    </parameters>
  </tool>
  <dataIdInfo>
    <idCitation>
      <resTitle>Change Grid Values - Flood Fill</resTitle>
    </idCitation>
    <idCredit>O.Conrad (c) 2018</idCredit>
    <searchKeys>
      <SAGA></SAGA>
    </searchKeys>
  </dataIdInfo>
</metadata>
