<?xml version="1.0" encoding="UTF-8"?>
<metadata xml:lang="en">
  <Esri>
    <CreaDate>20150910</CreaDate>
    <CreaTime>11550000</CreaTime>
    <ArcGISFormat>1.0</ArcGISFormat>
    <SyncOnce>TRUE</SyncOnce>
    <ArcGISProfile>ItemDescription</ArcGISProfile>
  </Esri>
  <tool name="tool_35" displayname="Change a Grid's No-Data Value">
    <parameters>
      <param name="GRID" displayname="Grid" type="Required" direction="Input">
        <dialogReference>&lt;p&gt;Grid&lt;/p&gt;&lt;p&gt;Grid (input)&lt;/p&gt;</dialogReference>
      </param>
      <param name="TYPE" displayname="Type" type="Optional" direction="Output">
        <dialogReference>&lt;p&gt;Type&lt;/p&gt;&lt;p&gt;Choice&lt;/p&gt;&lt;p&gt;Available Choices:&lt;/p&gt;&lt;p&gt;[0] single value&lt;/p&gt;&lt;p&gt;[1] value range&lt;/p&gt;&lt;p&gt;Default: 0&lt;/p&gt;</dialogReference>
      </param>
      <param name="VALUE" displayname="No-Data Value" type="Optional" direction="Output">
        <dialogReference>&lt;p&gt;No-Data Value&lt;/p&gt;&lt;p&gt;Floating point&lt;/p&gt;&lt;p&gt;Default: -99999.000000&lt;/p&gt;</dialogReference>
      </param>
      <param name="RANGE_MIN" displayname="Minimum" type="Optional" direction="Output">
        <dialogReference>&lt;p&gt;Minimum&lt;/p&gt;&lt;p&gt;Floating point&lt;/p&gt;&lt;p&gt;Default: -99999.000000&lt;/p&gt;</dialogReference>
      </param>
      <param name="RANGE_MAX" displayname="Maximum" type="Optional" direction="Output">
        <dialogReference>&lt;p&gt;Maximum&lt;/p&gt;&lt;p&gt;Floating point&lt;/p&gt;&lt;p&gt;Default: -99999.000000&lt;/p&gt;</dialogReference>
      </param>
    </parameters>
  </tool>
  <dataIdInfo>
    <idCitation>
      <resTitle>Change a Grid's No-Data Value</resTitle>
    </idCitation>
    <idCredit>O.Conrad (c) 2016</idCredit>
    <searchKeys>
      <SAGA></SAGA>
    </searchKeys>
  </dataIdInfo>
</metadata>
