<?xml version="1.0" encoding="UTF-8"?>
<metadata xml:lang="en">
  <Esri>
    <CreaDate>20150910</CreaDate>
    <CreaTime>11550000</CreaTime>
    <ArcGISFormat>1.0</ArcGISFormat>
    <SyncOnce>TRUE</SyncOnce>
    <ArcGISProfile>ItemDescription</ArcGISProfile>
  </Esri>
  <tool name="tool_34" displayname="Mirror Grid">
    <parameters>
      <param name="GRID" displayname="Grid" type="Required" direction="Input">
        <dialogReference>&lt;p&gt;Grid&lt;/p&gt;&lt;p&gt;Grid (input)&lt;/p&gt;</dialogReference>
      </param>
      <param name="MIRROR" displayname="Mirror Grid" type="Optional" direction="Output">
        <dialogReference>&lt;p&gt;Mirror Grid&lt;/p&gt;&lt;p&gt;Grid (optional output)&lt;/p&gt;&lt;p&gt;optional&lt;/p&gt;</dialogReference>
      </param>
      <param name="METHOD" displayname="Method" type="Optional" direction="Output">
        <dialogReference>&lt;p&gt;Method&lt;/p&gt;&lt;p&gt;Choice&lt;/p&gt;&lt;p&gt;Available Choices:&lt;/p&gt;&lt;p&gt;[0] horizontally&lt;/p&gt;&lt;p&gt;[1] vertically&lt;/p&gt;&lt;p&gt;[2] both&lt;/p&gt;&lt;p&gt;Default: 0&lt;/p&gt;</dialogReference>
      </param>
    </parameters>
  </tool>
  <dataIdInfo>
    <idCitation>
      <resTitle>Mirror Grid</resTitle>
    </idCitation>
    <idCredit>O.Conrad (c) 2016</idCredit>
    <searchKeys>
      <SAGA></SAGA>
    </searchKeys>
  </dataIdInfo>
</metadata>
