<?xml version="1.0" encoding="UTF-8"?>
<metadata xml:lang="en">
  <Esri>
    <CreaDate>20150910</CreaDate>
    <CreaTime>11550000</CreaTime>
    <ArcGISFormat>1.0</ArcGISFormat>
    <SyncOnce>TRUE</SyncOnce>
    <ArcGISProfile>ItemDescription</ArcGISProfile>
  </Esri>
  <tool name="tool_5" displayname="Cubic Spline Approximation">
    <parameters>
      <param name="SHAPES" displayname="Points" type="Required" direction="Input">
        <dialogReference>&lt;p&gt;Points&lt;/p&gt;&lt;p&gt;Shapes (input)&lt;/p&gt;</dialogReference>
      </param>
      <param name="FIELD" displayname="Attribute" type="Optional" direction="Output">
        <dialogReference>&lt;p&gt;Attribute&lt;/p&gt;&lt;p&gt;Table field&lt;/p&gt;</dialogReference>
      </param>
      <param name="TARGET_USER_SIZE" displayname="Cellsize" type="Optional" direction="Output">
        <dialogReference>&lt;p&gt;Cellsize&lt;/p&gt;&lt;p&gt;Floating point&lt;/p&gt;&lt;p&gt;Minimum: 0.000000&lt;/p&gt;&lt;p&gt;Default: 1.000000&lt;/p&gt;</dialogReference>
      </param>
      <param name="TARGET_OUT_GRID" displayname="Target Grid" type="Required" direction="Output">
        <dialogReference>&lt;p&gt;Target Grid&lt;/p&gt;&lt;p&gt;Grid (output)&lt;/p&gt;</dialogReference>
      </param>
      <param name="NPMIN" displayname="Minimal Number of Points" type="Optional" direction="Output">
        <dialogReference>&lt;p&gt;Minimal Number of Points&lt;/p&gt;&lt;p&gt;Integer&lt;/p&gt;&lt;p&gt;Minimum: 0&lt;/p&gt;&lt;p&gt;Default: 3&lt;/p&gt;</dialogReference>
      </param>
      <param name="NPMAX" displayname="Maximal Number of Points" type="Optional" direction="Output">
        <dialogReference>&lt;p&gt;Maximal Number of Points&lt;/p&gt;&lt;p&gt;Integer&lt;/p&gt;&lt;p&gt;Minimum: 0&lt;/p&gt;&lt;p&gt;Maximum: 59&lt;/p&gt;&lt;p&gt;Default: 20&lt;/p&gt;</dialogReference>
      </param>
      <param name="NPPC" displayname="Points per Square" type="Optional" direction="Output">
        <dialogReference>&lt;p&gt;Points per Square&lt;/p&gt;&lt;p&gt;Floating point&lt;/p&gt;&lt;p&gt;Minimum: 0.000000&lt;/p&gt;&lt;p&gt;Default: 5.000000&lt;/p&gt;</dialogReference>
      </param>
      <param name="K" displayname="Tolerance" type="Optional" direction="Output">
        <dialogReference>&lt;p&gt;Tolerance&lt;/p&gt;&lt;p&gt;Integer&lt;/p&gt;&lt;p&gt;Minimum: 0&lt;/p&gt;&lt;p&gt;Default: 140&lt;/p&gt;&lt;p&gt;Spline sensitivity, reduce to get smoother results, recommended: 80 &lt; Tolerance &lt; 200&lt;/p&gt;</dialogReference>
      </param>
    </parameters>
  </tool>
  <dataIdInfo>
    <idCitation>
      <resTitle>Cubic Spline Approximation</resTitle>
    </idCitation>
    <idCredit>O. Conrad (c) 2008</idCredit>
    <searchKeys>
      <SAGA></SAGA>
    </searchKeys>
  </dataIdInfo>
</metadata>
