<?xml version="1.0" encoding="UTF-8"?>
<metadata xml:lang="en">
  <Esri>
    <CreaDate>20150910</CreaDate>
    <CreaTime>11550000</CreaTime>
    <ArcGISFormat>1.0</ArcGISFormat>
    <SyncOnce>TRUE</SyncOnce>
    <ArcGISProfile>ItemDescription</ArcGISProfile>
  </Esri>
  <tool name="tool_5" displayname="K-Nearest Neighbours Classification (OpenCV)">
    <parameters>
      <param name="FEATURES" displayname="Features" type="Required" direction="Input">
        <dialogReference>&lt;p&gt;Features&lt;/p&gt;&lt;p&gt;Grid list (input)&lt;/p&gt;</dialogReference>
      </param>
      <param name="NORMALIZE" displayname="Normalize" type="Optional" direction="Output">
        <dialogReference>&lt;p&gt;Normalize&lt;/p&gt;&lt;p&gt;Boolean&lt;/p&gt;&lt;p&gt;Default: 0&lt;/p&gt;</dialogReference>
      </param>
      <param name="CLASSES" displayname="Classification" type="Required" direction="Output">
        <dialogReference>&lt;p&gt;Classification&lt;/p&gt;&lt;p&gt;Grid (output)&lt;/p&gt;</dialogReference>
      </param>
      <param name="MODEL_LOAD" displayname="Load Model" type="Optional" direction="Output">
        <dialogReference>&lt;p&gt;Load Model&lt;/p&gt;&lt;p&gt;File path&lt;/p&gt;&lt;p&gt;Use a model previously stored to file.&lt;/p&gt;</dialogReference>
      </param>
      <param name="TRAIN_AREAS" displayname="Training Areas" type="Required" direction="Input">
        <dialogReference>&lt;p&gt;Training Areas&lt;/p&gt;&lt;p&gt;Shapes (input)&lt;/p&gt;</dialogReference>
      </param>
      <param name="TRAIN_CLASS" displayname="Class Identifier" type="Optional" direction="Output">
        <dialogReference>&lt;p&gt;Class Identifier&lt;/p&gt;&lt;p&gt;Table field&lt;/p&gt;</dialogReference>
      </param>
      <param name="MODEL_SAVE" displayname="Save Model" type="Optional" direction="Output">
        <dialogReference>&lt;p&gt;Save Model&lt;/p&gt;&lt;p&gt;File path&lt;/p&gt;&lt;p&gt;Stores model to file to be used for subsequent classifications instead of training areas.&lt;/p&gt;</dialogReference>
      </param>
      <param name="NEIGHBOURS" displayname="Default Number of Neighbours" type="Optional" direction="Output">
        <dialogReference>&lt;p&gt;Default Number of Neighbours&lt;/p&gt;&lt;p&gt;Integer&lt;/p&gt;&lt;p&gt;Minimum: 0&lt;/p&gt;&lt;p&gt;Default: 3&lt;/p&gt;</dialogReference>
      </param>
      <param name="TRAINING" displayname="Training Method" type="Optional" direction="Output">
        <dialogReference>&lt;p&gt;Training Method&lt;/p&gt;&lt;p&gt;Choice&lt;/p&gt;&lt;p&gt;Available Choices:&lt;/p&gt;&lt;p&gt;[0] classification&lt;/p&gt;&lt;p&gt;[1] regression model&lt;/p&gt;&lt;p&gt;Default: 0&lt;/p&gt;</dialogReference>
      </param>
      <param name="ALGORITHM" displayname="Algorithm Type" type="Optional" direction="Output">
        <dialogReference>&lt;p&gt;Algorithm Type&lt;/p&gt;&lt;p&gt;Choice&lt;/p&gt;&lt;p&gt;Available Choices:&lt;/p&gt;&lt;p&gt;[0] brute force&lt;/p&gt;&lt;p&gt;[1] KD Tree&lt;/p&gt;&lt;p&gt;Default: 0&lt;/p&gt;</dialogReference>
      </param>
      <param name="EMAX" displayname="Parameter for KD Tree implementation" type="Optional" direction="Output">
        <dialogReference>&lt;p&gt;Parameter for KD Tree implementation&lt;/p&gt;&lt;p&gt;Integer&lt;/p&gt;&lt;p&gt;Minimum: 0&lt;/p&gt;&lt;p&gt;Default: 1000&lt;/p&gt;</dialogReference>
      </param>
    </parameters>
  </tool>
  <dataIdInfo>
    <idCitation>
      <resTitle>K-Nearest Neighbours Classification (OpenCV)</resTitle>
    </idCitation>
    <idCredit>O.Conrad (c) 2016</idCredit>
    <searchKeys>
      <SAGA></SAGA>
    </searchKeys>
  </dataIdInfo>
</metadata>
