<?xml version="1.0" encoding="UTF-8"?>
<metadata xml:lang="en">
  <Esri>
    <CreaDate>20150910</CreaDate>
    <CreaTime>11550000</CreaTime>
    <ArcGISFormat>1.0</ArcGISFormat>
    <SyncOnce>TRUE</SyncOnce>
    <ArcGISProfile>ItemDescription</ArcGISProfile>
  </Esri>
  <tool name="tool_13" displayname="Universal Image Quality Index">
    <parameters>
      <param name="GRID_A" displayname="First Grid" type="Required" direction="Input">
        <dialogReference>&lt;p&gt;First Grid&lt;/p&gt;&lt;p&gt;Grid (input)&lt;/p&gt;</dialogReference>
      </param>
      <param name="GRID_B" displayname="Second Grid" type="Required" direction="Input">
        <dialogReference>&lt;p&gt;Second Grid&lt;/p&gt;&lt;p&gt;Grid (input)&lt;/p&gt;</dialogReference>
      </param>
      <param name="QUALITY" displayname="Universal Image Quality Index" type="Required" direction="Output">
        <dialogReference>&lt;p&gt;Universal Image Quality Index&lt;/p&gt;&lt;p&gt;Grid (output)&lt;/p&gt;&lt;p&gt;The product of correlation, luminance and contrast similarity.&lt;/p&gt;</dialogReference>
      </param>
      <param name="CORRELATION" displayname="Correlation" type="Optional" direction="Output">
        <dialogReference>&lt;p&gt;Correlation&lt;/p&gt;&lt;p&gt;Grid (optional output)&lt;/p&gt;&lt;p&gt;optional&lt;/p&gt;&lt;p&gt;The correlation coefficient.&lt;/p&gt;</dialogReference>
      </param>
      <param name="LUMINANCE" displayname="Luminance" type="Optional" direction="Output">
        <dialogReference>&lt;p&gt;Luminance&lt;/p&gt;&lt;p&gt;Grid (optional output)&lt;/p&gt;&lt;p&gt;optional&lt;/p&gt;&lt;p&gt;The similarity of mean luminance.&lt;/p&gt;</dialogReference>
      </param>
      <param name="CONTRAST" displayname="Contrast" type="Optional" direction="Output">
        <dialogReference>&lt;p&gt;Contrast&lt;/p&gt;&lt;p&gt;Grid (optional output)&lt;/p&gt;&lt;p&gt;optional&lt;/p&gt;&lt;p&gt;The similarity of contrast.&lt;/p&gt;</dialogReference>
      </param>
      <param name="K1" displayname="k1" type="Optional" direction="Output">
        <dialogReference>&lt;p&gt;k1&lt;/p&gt;&lt;p&gt;Floating point&lt;/p&gt;&lt;p&gt;Minimum: 0.000000&lt;/p&gt;&lt;p&gt;Maximum: 1.000000&lt;/p&gt;&lt;p&gt;Default: 0.010000&lt;/p&gt;</dialogReference>
      </param>
      <param name="K2" displayname="k2" type="Optional" direction="Output">
        <dialogReference>&lt;p&gt;k2&lt;/p&gt;&lt;p&gt;Floating point&lt;/p&gt;&lt;p&gt;Minimum: 0.000000&lt;/p&gt;&lt;p&gt;Maximum: 1.000000&lt;/p&gt;&lt;p&gt;Default: 0.030000&lt;/p&gt;</dialogReference>
      </param>
      <param name="L" displayname="L" type="Optional" direction="Output">
        <dialogReference>&lt;p&gt;L&lt;/p&gt;&lt;p&gt;Integer&lt;/p&gt;&lt;p&gt;Minimum: 0&lt;/p&gt;&lt;p&gt;Default: 255&lt;/p&gt;&lt;p&gt;The dynamic range for the image pixel, i.e. the number of different grey values.&lt;/p&gt;</dialogReference>
      </param>
      <param name="KERNEL_TYPE" displayname="Kernel Type" type="Optional" direction="Output">
        <dialogReference>&lt;p&gt;Kernel Type&lt;/p&gt;&lt;p&gt;Choice&lt;/p&gt;&lt;p&gt;Available Choices:&lt;/p&gt;&lt;p&gt;[0] Square&lt;/p&gt;&lt;p&gt;[1] Circle&lt;/p&gt;&lt;p&gt;Default: 1&lt;/p&gt;&lt;p&gt;The shape of the filter kernel.&lt;/p&gt;</dialogReference>
      </param>
      <param name="KERNEL_RADIUS" displayname="Kernel Radius" type="Optional" direction="Output">
        <dialogReference>&lt;p&gt;Kernel Radius&lt;/p&gt;&lt;p&gt;Integer&lt;/p&gt;&lt;p&gt;Minimum: 0&lt;/p&gt;&lt;p&gt;Default: 2&lt;/p&gt;&lt;p&gt;The kernel radius in cells.&lt;/p&gt;</dialogReference>
      </param>
    </parameters>
  </tool>
  <dataIdInfo>
    <idCitation>
      <resTitle>Universal Image Quality Index</resTitle>
    </idCitation>
    <idCredit>M.Ambrosi (c) 2017</idCredit>
    <searchKeys>
      <SAGA></SAGA>
    </searchKeys>
  </dataIdInfo>
</metadata>
