<?xml version="1.0" encoding="UTF-8"?>
<metadata xml:lang="en">
  <Esri>
    <CreaDate>20150910</CreaDate>
    <CreaTime>11550000</CreaTime>
    <ArcGISFormat>1.0</ArcGISFormat>
    <SyncOnce>TRUE</SyncOnce>
    <ArcGISProfile>ItemDescription</ArcGISProfile>
  </Esri>
  <tool name="tool_2" displayname="LAS Info">
    <parameters>
      <param name="FILE" displayname="LAS File" type="Optional" direction="Output">
        <dialogReference>&lt;p&gt;LAS File&lt;/p&gt;&lt;p&gt;File path&lt;/p&gt;</dialogReference>
      </param>
      <param name="HEADER" displayname="Only Header Info" type="Optional" direction="Output">
        <dialogReference>&lt;p&gt;Only Header Info&lt;/p&gt;&lt;p&gt;Boolean&lt;/p&gt;&lt;p&gt;Default: 0&lt;/p&gt;&lt;p&gt;Print only information available in LAS header.&lt;/p&gt;</dialogReference>
      </param>
    </parameters>
  </tool>
  <dataIdInfo>
    <idCitation>
      <resTitle>LAS Info</resTitle>
    </idCitation>
    <idCredit>Volker Wichmann (c) 2010, LASERDATA GmbH</idCredit>
    <searchKeys>
      <SAGA></SAGA>
    </searchKeys>
  </dataIdInfo>
</metadata>
