<?xml version="1.0" encoding="UTF-8"?>
<metadata xml:lang="en">
  <Esri>
    <CreaDate>20150910</CreaDate>
    <CreaTime>11550000</CreaTime>
    <ArcGISFormat>1.0</ArcGISFormat>
    <SyncOnce>TRUE</SyncOnce>
    <ArcGISProfile>ItemDescription</ArcGISProfile>
  </Esri>
  <tool name="tool_21" displayname="Import Building Sketches from CityGML">
    <parameters>
      <param name="BUILDINGS" displayname="Buildings" type="Required" direction="Output">
        <dialogReference>&lt;p&gt;Buildings&lt;/p&gt;&lt;p&gt;Shapes (output)&lt;/p&gt;</dialogReference>
      </param>
      <param name="FILES" displayname="Files" type="Optional" direction="Output">
        <dialogReference>&lt;p&gt;Files&lt;/p&gt;&lt;p&gt;File path&lt;/p&gt;</dialogReference>
      </param>
      <param name="PARTS" displayname="Check for Building Parts" type="Optional" direction="Output">
        <dialogReference>&lt;p&gt;Check for Building Parts&lt;/p&gt;&lt;p&gt;Boolean&lt;/p&gt;&lt;p&gt;Default: 1&lt;/p&gt;</dialogReference>
      </param>
    </parameters>
  </tool>
  <dataIdInfo>
    <idCitation>
      <resTitle>Import Building Sketches from CityGML</resTitle>
    </idCitation>
    <idCredit>O.Conrad (c) 2014</idCredit>
    <searchKeys>
      <SAGA></SAGA>
    </searchKeys>
  </dataIdInfo>
</metadata>
