<?xml version="1.0" encoding="UTF-8"?>
<metadata xml:lang="en">
  <Esri>
    <CreaDate>20150910</CreaDate>
    <CreaTime>11550000</CreaTime>
    <ArcGISFormat>1.0</ArcGISFormat>
    <SyncOnce>TRUE</SyncOnce>
    <ArcGISProfile>ItemDescription</ArcGISProfile>
  </Esri>
  <tool name="tool_15" displayname="Export Shapes to PostGIS">
    <parameters>
      <param name="PG_HOST" displayname="Host" type="Optional" direction="Output">
        <dialogReference>&lt;p&gt;Host&lt;/p&gt;&lt;p&gt;Text&lt;/p&gt;&lt;p&gt;Password&lt;/p&gt;</dialogReference>
      </param>
      <param name="PG_PORT" displayname="Port" type="Optional" direction="Output">
        <dialogReference>&lt;p&gt;Port&lt;/p&gt;&lt;p&gt;Integer&lt;/p&gt;&lt;p&gt;Minimum: 0&lt;/p&gt;&lt;p&gt;Default: 5432&lt;/p&gt;</dialogReference>
      </param>
      <param name="PG_NAME" displayname="Database" type="Optional" direction="Output">
        <dialogReference>&lt;p&gt;Database&lt;/p&gt;&lt;p&gt;Text&lt;/p&gt;&lt;p&gt;Database Name&lt;/p&gt;</dialogReference>
      </param>
      <param name="PG_USER" displayname="User" type="Optional" direction="Output">
        <dialogReference>&lt;p&gt;User&lt;/p&gt;&lt;p&gt;Text&lt;/p&gt;&lt;p&gt;User Name&lt;/p&gt;</dialogReference>
      </param>
      <param name="PG_PWD" displayname="Password" type="Optional" direction="Output">
        <dialogReference>&lt;p&gt;Password&lt;/p&gt;&lt;p&gt;Text&lt;/p&gt;&lt;p&gt;Password&lt;/p&gt;</dialogReference>
      </param>
      <param name="SHAPES" displayname="Shapes" type="Required" direction="Input">
        <dialogReference>&lt;p&gt;Shapes&lt;/p&gt;&lt;p&gt;Shapes (input)&lt;/p&gt;</dialogReference>
      </param>
      <param name="SHAPES_PK" displayname="Primary Key" type="Optional" direction="Output">
        <dialogReference>&lt;p&gt;Primary Key&lt;/p&gt;&lt;p&gt;Table fields&lt;/p&gt;</dialogReference>
      </param>
      <param name="SHAPES_NN" displayname="Not Null" type="Optional" direction="Output">
        <dialogReference>&lt;p&gt;Not Null&lt;/p&gt;&lt;p&gt;Table fields&lt;/p&gt;</dialogReference>
      </param>
      <param name="SHAPES_UQ" displayname="Unique" type="Optional" direction="Output">
        <dialogReference>&lt;p&gt;Unique&lt;/p&gt;&lt;p&gt;Table fields&lt;/p&gt;</dialogReference>
      </param>
      <param name="NAME" displayname="Table Name" type="Optional" direction="Output">
        <dialogReference>&lt;p&gt;Table Name&lt;/p&gt;&lt;p&gt;Text&lt;/p&gt;&lt;p&gt;if empty shapes layers's name is used as table name&lt;/p&gt;</dialogReference>
      </param>
      <param name="EXISTS" displayname="If table exists..." type="Optional" direction="Output">
        <dialogReference>&lt;p&gt;If table exists...&lt;/p&gt;&lt;p&gt;Choice&lt;/p&gt;&lt;p&gt;Available Choices:&lt;/p&gt;&lt;p&gt;[0] abort export&lt;/p&gt;&lt;p&gt;[1] replace existing table&lt;/p&gt;&lt;p&gt;[2] append records, if table structure allows&lt;/p&gt;&lt;p&gt;Default: 0&lt;/p&gt;</dialogReference>
      </param>
      <param name="CRS_EPSG" displayname="EPSG Code" type="Optional" direction="Output">
        <dialogReference>&lt;p&gt;EPSG Code&lt;/p&gt;&lt;p&gt;Integer&lt;/p&gt;&lt;p&gt;Minimum: -1&lt;/p&gt;&lt;p&gt;Default: -1&lt;/p&gt;</dialogReference>
      </param>
    </parameters>
  </tool>
  <dataIdInfo>
    <idCitation>
      <resTitle>Export Shapes to PostGIS</resTitle>
    </idCitation>
    <idCredit>O.Conrad (c) 2013</idCredit>
    <searchKeys>
      <SAGA></SAGA>
    </searchKeys>
  </dataIdInfo>
</metadata>
