<?xml version="1.0" encoding="UTF-8"?>
<metadata xml:lang="en">
  <Esri>
    <CreaDate>20150910</CreaDate>
    <CreaTime>11550000</CreaTime>
    <ArcGISFormat>1.0</ArcGISFormat>
    <SyncOnce>TRUE</SyncOnce>
    <ArcGISProfile>ItemDescription</ArcGISProfile>
  </Esri>
  <tool name="tool_2" displayname="Export GeoTIFF">
    <parameters>
      <param name="GRIDS" displayname="Grid(s)" type="Required" direction="Input">
        <dialogReference>&lt;p&gt;Grid(s)&lt;/p&gt;&lt;p&gt;Grid list (input)&lt;/p&gt;&lt;p&gt;The SAGA grids to be exported.&lt;/p&gt;</dialogReference>
      </param>
      <param name="FILE" displayname="File" type="Optional" direction="Output">
        <dialogReference>&lt;p&gt;File&lt;/p&gt;&lt;p&gt;File path&lt;/p&gt;&lt;p&gt;The GeoTIFF File to be created.&lt;/p&gt;</dialogReference>
      </param>
      <param name="OPTIONS" displayname="Creation Options" type="Optional" direction="Output">
        <dialogReference>&lt;p&gt;Creation Options&lt;/p&gt;&lt;p&gt;Text&lt;/p&gt;&lt;p&gt;A space separated list of key-value pairs (K=V).&lt;/p&gt;</dialogReference>
      </param>
    </parameters>
  </tool>
  <dataIdInfo>
    <idCitation>
      <resTitle>Export GeoTIFF</resTitle>
    </idCitation>
    <idCredit>O.Conrad (c) 2007</idCredit>
    <searchKeys>
      <SAGA></SAGA>
    </searchKeys>
  </dataIdInfo>
</metadata>
