<?xml version="1.0" encoding="UTF-8"?>
<metadata xml:lang="en">
  <Esri>
    <CreaDate>20150910</CreaDate>
    <CreaTime>11550000</CreaTime>
    <ArcGISFormat>1.0</ArcGISFormat>
    <SyncOnce>TRUE</SyncOnce>
    <ArcGISProfile>ItemDescription</ArcGISProfile>
  </Esri>
  <tool name="tool_3" displayname="Import Shapes">
    <parameters>
      <param name="SHAPES" displayname="Shapes" type="Required" direction="Output">
        <dialogReference>&lt;p&gt;Shapes&lt;/p&gt;&lt;p&gt;Shapes list (output)&lt;/p&gt;</dialogReference>
      </param>
      <param name="FILES" displayname="Files" type="Optional" direction="Output">
        <dialogReference>&lt;p&gt;Files&lt;/p&gt;&lt;p&gt;File path&lt;/p&gt;</dialogReference>
      </param>
      <param name="GEOM_TYPE" displayname="Geometry Type" type="Optional" direction="Output">
        <dialogReference>&lt;p&gt;Geometry Type&lt;/p&gt;&lt;p&gt;Choice&lt;/p&gt;&lt;p&gt;Available Choices:&lt;/p&gt;&lt;p&gt;[0] Automatic&lt;/p&gt;&lt;p&gt;[1] Point&lt;/p&gt;&lt;p&gt;[2] Point (2.5D)&lt;/p&gt;&lt;p&gt;[3] Multi-Point&lt;/p&gt;&lt;p&gt;[4] Multi-Point (2.5D)&lt;/p&gt;&lt;p&gt;[5] Line&lt;/p&gt;&lt;p&gt;[6] Line (2.5D)&lt;/p&gt;&lt;p&gt;[7] Polyline&lt;/p&gt;&lt;p&gt;[8] Polyline (2.5D)&lt;/p&gt;&lt;p&gt;[9] Polygon&lt;/p&gt;&lt;p&gt;[10] Polygon (2.5D)&lt;/p&gt;&lt;p&gt;[11] Multi-Polygon&lt;/p&gt;&lt;p&gt;[12] Multi-Polygon (2.5D)&lt;/p&gt;&lt;p&gt;Default: 0&lt;/p&gt;&lt;p&gt;Some OGR drivers are unable to determine the geometry type automatically, please choose the appropriate one in this case&lt;/p&gt;</dialogReference>
      </param>
    </parameters>
  </tool>
  <dataIdInfo>
    <idCitation>
      <resTitle>Import Shapes</resTitle>
    </idCitation>
    <idCredit>O.Conrad (c) 2008</idCredit>
    <searchKeys>
      <SAGA></SAGA>
    </searchKeys>
  </dataIdInfo>
</metadata>
