<?xml version="1.0" encoding="UTF-8"?>
<metadata xml:lang="en">
  <Esri>
    <CreaDate>20150910</CreaDate>
    <CreaTime>11550000</CreaTime>
    <ArcGISFormat>1.0</ArcGISFormat>
    <SyncOnce>TRUE</SyncOnce>
    <ArcGISProfile>ItemDescription</ArcGISProfile>
  </Esri>
  <tool name="tool_10" displayname="Import WASP terrain map file">
    <parameters>
      <param name="SHAPES" displayname="Contour Lines" type="Required" direction="Output">
        <dialogReference>&lt;p&gt;Contour Lines&lt;/p&gt;&lt;p&gt;Shapes (output)&lt;/p&gt;</dialogReference>
      </param>
      <param name="FILE" displayname="File Name" type="Optional" direction="Output">
        <dialogReference>&lt;p&gt;File Name&lt;/p&gt;&lt;p&gt;File path&lt;/p&gt;</dialogReference>
      </param>
      <param name="METHOD" displayname="Input Specification" type="Optional" direction="Output">
        <dialogReference>&lt;p&gt;Input Specification&lt;/p&gt;&lt;p&gt;Choice&lt;/p&gt;&lt;p&gt;Available Choices:&lt;/p&gt;&lt;p&gt;[0] elevation&lt;/p&gt;&lt;p&gt;[1] roughness&lt;/p&gt;&lt;p&gt;[2] elevation and roughness&lt;/p&gt;&lt;p&gt;Default: 0&lt;/p&gt;</dialogReference>
      </param>
    </parameters>
  </tool>
  <dataIdInfo>
    <idCitation>
      <resTitle>Import WASP terrain map file</resTitle>
    </idCitation>
    <idCredit>O.Conrad (c) 2006</idCredit>
    <searchKeys>
      <SAGA></SAGA>
    </searchKeys>
  </dataIdInfo>
</metadata>
