<?xml version="1.0" encoding="UTF-8"?>
<metadata xml:lang="en">
  <Esri>
    <CreaDate>20150910</CreaDate>
    <CreaTime>11550000</CreaTime>
    <ArcGISFormat>1.0</ArcGISFormat>
    <SyncOnce>TRUE</SyncOnce>
    <ArcGISProfile>ItemDescription</ArcGISProfile>
  </Esri>
  <tool name="tool_19" displayname="Import Simple Features from Well Known Text">
    <parameters>
      <param name="SHAPES" displayname="WKT Import" type="Optional" direction="Output">
        <dialogReference>&lt;p&gt;WKT Import&lt;/p&gt;&lt;p&gt;Shapes list (optional output)&lt;/p&gt;&lt;p&gt;optional&lt;/p&gt;</dialogReference>
      </param>
      <param name="FILE" displayname="File" type="Optional" direction="Output">
        <dialogReference>&lt;p&gt;File&lt;/p&gt;&lt;p&gt;File path&lt;/p&gt;</dialogReference>
      </param>
      <param name="WKT" displayname="WKT String" type="Optional" direction="Output">
        <dialogReference>&lt;p&gt;WKT String&lt;/p&gt;&lt;p&gt;Long text&lt;/p&gt;&lt;p&gt;Import WKT from string instead of file. Just paste the WKT.&lt;/p&gt;</dialogReference>
      </param>
    </parameters>
  </tool>
  <dataIdInfo>
    <idCitation>
      <resTitle>Import Simple Features from Well Known Text</resTitle>
    </idCitation>
    <idCredit>O. Conrad (c) 2012</idCredit>
    <searchKeys>
      <SAGA></SAGA>
    </searchKeys>
  </dataIdInfo>
</metadata>
