<?xml version="1.0" encoding="UTF-8"?>
<metadata xml:lang="en">
  <Esri>
    <CreaDate>20150910</CreaDate>
    <CreaTime>11550000</CreaTime>
    <ArcGISFormat>1.0</ArcGISFormat>
    <SyncOnce>TRUE</SyncOnce>
    <ArcGISProfile>ItemDescription</ArcGISProfile>
  </Esri>
  <tool name="tool_15" displayname="Import, Clip and Resample Grids">
    <parameters>
      <param name="GRIDS" displayname="Grids" type="Required" direction="Output">
        <dialogReference>&lt;p&gt;Grids&lt;/p&gt;&lt;p&gt;Grid list (output)&lt;/p&gt;</dialogReference>
      </param>
      <param name="FILES" displayname="Image Files" type="Optional" direction="Output">
        <dialogReference>&lt;p&gt;Image Files&lt;/p&gt;&lt;p&gt;File path&lt;/p&gt;</dialogReference>
      </param>
      <param name="KEEP_TYPE" displayname="Preserve Data Type" type="Optional" direction="Output">
        <dialogReference>&lt;p&gt;Preserve Data Type&lt;/p&gt;&lt;p&gt;Boolean&lt;/p&gt;&lt;p&gt;Default: 0&lt;/p&gt;</dialogReference>
      </param>
      <param name="NODATA" displayname="User Defined No-Data Value" type="Optional" direction="Output">
        <dialogReference>&lt;p&gt;User Defined No-Data Value&lt;/p&gt;&lt;p&gt;Boolean&lt;/p&gt;&lt;p&gt;Default: 0&lt;/p&gt;</dialogReference>
      </param>
      <param name="NODATA_VAL" displayname="No-Data Value" type="Optional" direction="Output">
        <dialogReference>&lt;p&gt;No-Data Value&lt;/p&gt;&lt;p&gt;Floating point&lt;/p&gt;&lt;p&gt;Default: 0.000000&lt;/p&gt;</dialogReference>
      </param>
      <param name="CLIP" displayname="Region of Interest" type="Optional" direction="Input">
        <dialogReference>&lt;p&gt;Region of Interest&lt;/p&gt;&lt;p&gt;Shapes (optional input)&lt;/p&gt;&lt;p&gt;optional&lt;/p&gt;&lt;p&gt;bounding box for clipping&lt;/p&gt;</dialogReference>
      </param>
      <param name="RESAMPLE" displayname="Resample" type="Optional" direction="Output">
        <dialogReference>&lt;p&gt;Resample&lt;/p&gt;&lt;p&gt;Boolean&lt;/p&gt;&lt;p&gt;Default: 1&lt;/p&gt;</dialogReference>
      </param>
      <param name="CELLSIZE" displayname="Cell Size" type="Optional" direction="Output">
        <dialogReference>&lt;p&gt;Cell Size&lt;/p&gt;&lt;p&gt;Floating point&lt;/p&gt;&lt;p&gt;Minimum: 0.000000&lt;/p&gt;&lt;p&gt;Default: 100.000000&lt;/p&gt;</dialogReference>
      </param>
    </parameters>
  </tool>
  <dataIdInfo>
    <idCitation>
      <resTitle>Import, Clip and Resample Grids</resTitle>
    </idCitation>
    <idCredit>O.Conrad (c) 2015</idCredit>
    <searchKeys>
      <SAGA></SAGA>
    </searchKeys>
  </dataIdInfo>
</metadata>
