<?xml version="1.0" encoding="UTF-8"?>
<metadata xml:lang="en">
  <Esri>
    <CreaDate>20150910</CreaDate>
    <CreaTime>11550000</CreaTime>
    <ArcGISFormat>1.0</ArcGISFormat>
    <SyncOnce>TRUE</SyncOnce>
    <ArcGISProfile>ItemDescription</ArcGISProfile>
  </Esri>
  <tool name="tool_8" displayname="Create Raster Catalogues from Directory">
    <parameters>
      <param name="CATALOGUES" displayname="Raster Catalogues" type="Required" direction="Output">
        <dialogReference>&lt;p&gt;Raster Catalogues&lt;/p&gt;&lt;p&gt;Shapes list (output)&lt;/p&gt;</dialogReference>
      </param>
      <param name="CATALOGUE_GCS" displayname="Raster Catalogue" type="Required" direction="Output">
        <dialogReference>&lt;p&gt;Raster Catalogue&lt;/p&gt;&lt;p&gt;Shapes (output)&lt;/p&gt;</dialogReference>
      </param>
      <param name="CATALOGUE_UKN" displayname="Raster Catalogue (unknown CRS)" type="Optional" direction="Output">
        <dialogReference>&lt;p&gt;Raster Catalogue (unknown CRS)&lt;/p&gt;&lt;p&gt;Shapes (optional output)&lt;/p&gt;&lt;p&gt;optional&lt;/p&gt;</dialogReference>
      </param>
      <param name="DIRECTORY" displayname="Directory" type="Optional" direction="Output">
        <dialogReference>&lt;p&gt;Directory&lt;/p&gt;&lt;p&gt;File path&lt;/p&gt;</dialogReference>
      </param>
      <param name="EXTENSIONS" displayname="Extensions" type="Optional" direction="Output">
        <dialogReference>&lt;p&gt;Extensions&lt;/p&gt;&lt;p&gt;Text&lt;/p&gt;&lt;p&gt;Default: sgrd; tif&lt;/p&gt;</dialogReference>
      </param>
      <param name="OUTPUT" displayname="Output" type="Optional" direction="Output">
        <dialogReference>&lt;p&gt;Output&lt;/p&gt;&lt;p&gt;Choice&lt;/p&gt;&lt;p&gt;Available Choices:&lt;/p&gt;&lt;p&gt;[0] one catalogue for each coordinate system&lt;/p&gt;&lt;p&gt;[1] one catalogue using geographic coordinates&lt;/p&gt;&lt;p&gt;Default: 1&lt;/p&gt;</dialogReference>
      </param>
    </parameters>
  </tool>
  <dataIdInfo>
    <idCitation>
      <resTitle>Create Raster Catalogues from Directory</resTitle>
    </idCitation>
    <idCredit>O.Conrad (c) 2015</idCredit>
    <searchKeys>
      <SAGA></SAGA>
    </searchKeys>
  </dataIdInfo>
</metadata>
