<?xml version="1.0" encoding="UTF-8"?>
<metadata xml:lang="en">
  <Esri>
    <CreaDate>20150910</CreaDate>
    <CreaTime>11550000</CreaTime>
    <ArcGISFormat>1.0</ArcGISFormat>
    <SyncOnce>TRUE</SyncOnce>
    <ArcGISProfile>ItemDescription</ArcGISProfile>
  </Esri>
  <tool name="tool_5" displayname="Line Dissolve">
    <parameters>
      <param name="LINES" displayname="Lines" type="Required" direction="Input">
        <dialogReference>&lt;p&gt;Lines&lt;/p&gt;&lt;p&gt;Shapes (input)&lt;/p&gt;</dialogReference>
      </param>
      <param name="FIELD_1" displayname="1. Attribute" type="Optional" direction="Output">
        <dialogReference>&lt;p&gt;1. Attribute&lt;/p&gt;&lt;p&gt;Table field&lt;/p&gt;</dialogReference>
      </param>
      <param name="FIELD_2" displayname="2. Attribute" type="Optional" direction="Output">
        <dialogReference>&lt;p&gt;2. Attribute&lt;/p&gt;&lt;p&gt;Table field&lt;/p&gt;&lt;p&gt;optional&lt;/p&gt;</dialogReference>
      </param>
      <param name="FIELD_3" displayname="3. Attribute" type="Optional" direction="Output">
        <dialogReference>&lt;p&gt;3. Attribute&lt;/p&gt;&lt;p&gt;Table field&lt;/p&gt;&lt;p&gt;optional&lt;/p&gt;</dialogReference>
      </param>
      <param name="DISSOLVED" displayname="Dissolved Lines" type="Required" direction="Output">
        <dialogReference>&lt;p&gt;Dissolved Lines&lt;/p&gt;&lt;p&gt;Shapes (output)&lt;/p&gt;</dialogReference>
      </param>
      <param name="ALL" displayname="Dissolve..." type="Optional" direction="Output">
        <dialogReference>&lt;p&gt;Dissolve...&lt;/p&gt;&lt;p&gt;Choice&lt;/p&gt;&lt;p&gt;Available Choices:&lt;/p&gt;&lt;p&gt;[0] lines with same attribute value(s)&lt;/p&gt;&lt;p&gt;[1] all lines&lt;/p&gt;&lt;p&gt;Default: 0&lt;/p&gt;</dialogReference>
      </param>
    </parameters>
  </tool>
  <dataIdInfo>
    <idCitation>
      <resTitle>Line Dissolve</resTitle>
    </idCitation>
    <idCredit>O.Conrad (c) 2011</idCredit>
    <searchKeys>
      <SAGA></SAGA>
    </searchKeys>
  </dataIdInfo>
</metadata>
