<?xml version="1.0" encoding="UTF-8"?>
<metadata xml:lang="en">
  <Esri>
    <CreaDate>20150910</CreaDate>
    <CreaTime>11550000</CreaTime>
    <ArcGISFormat>1.0</ArcGISFormat>
    <SyncOnce>TRUE</SyncOnce>
    <ArcGISProfile>ItemDescription</ArcGISProfile>
  </Esri>
  <tool name="tool_28" displayname="Focal Mechanism (Beachball Plots)">
    <parameters>
      <param name="POINTS" displayname="Points" type="Required" direction="Input">
        <dialogReference>&lt;p&gt;Points&lt;/p&gt;&lt;p&gt;Shapes (input)&lt;/p&gt;</dialogReference>
      </param>
      <param name="STRIKE" displayname="Strike" type="Optional" direction="Output">
        <dialogReference>&lt;p&gt;Strike&lt;/p&gt;&lt;p&gt;Table field&lt;/p&gt;</dialogReference>
      </param>
      <param name="DIP" displayname="Dip" type="Optional" direction="Output">
        <dialogReference>&lt;p&gt;Dip&lt;/p&gt;&lt;p&gt;Table field&lt;/p&gt;</dialogReference>
      </param>
      <param name="RAKE" displayname="Rake" type="Optional" direction="Output">
        <dialogReference>&lt;p&gt;Rake&lt;/p&gt;&lt;p&gt;Table field&lt;/p&gt;</dialogReference>
      </param>
      <param name="SIZE" displayname="Size" type="Optional" direction="Output">
        <dialogReference>&lt;p&gt;Size&lt;/p&gt;&lt;p&gt;Table field&lt;/p&gt;&lt;p&gt;optional&lt;/p&gt;</dialogReference>
      </param>
      <param name="SIZE_DEF" displayname="Default" type="Optional" direction="Output">
        <dialogReference>&lt;p&gt;Default&lt;/p&gt;&lt;p&gt;Floating point&lt;/p&gt;&lt;p&gt;Minimum: 0.000000&lt;/p&gt;&lt;p&gt;Default: 1.000000&lt;/p&gt;</dialogReference>
      </param>
      <param name="SIZE_RANGE_MIN" displayname="Minimum" type="Optional" direction="Output">
        <dialogReference>&lt;p&gt;Minimum&lt;/p&gt;&lt;p&gt;Floating point&lt;/p&gt;&lt;p&gt;Minimum: 0.000000&lt;/p&gt;&lt;p&gt;Default: 1.000000&lt;/p&gt;</dialogReference>
      </param>
      <param name="SIZE_RANGE_MAX" displayname="Maximum" type="Optional" direction="Output">
        <dialogReference>&lt;p&gt;Maximum&lt;/p&gt;&lt;p&gt;Floating point&lt;/p&gt;&lt;p&gt;Minimum: 0.000000&lt;/p&gt;&lt;p&gt;Default: 10.000000&lt;/p&gt;</dialogReference>
      </param>
      <param name="PLOTS" displayname="Focal Mechanism Beachballs" type="Required" direction="Output">
        <dialogReference>&lt;p&gt;Focal Mechanism Beachballs&lt;/p&gt;&lt;p&gt;Shapes (output)&lt;/p&gt;</dialogReference>
      </param>
      <param name="DARC" displayname="Arc Vertex Distance [Degree]" type="Optional" direction="Output">
        <dialogReference>&lt;p&gt;Arc Vertex Distance [Degree]&lt;/p&gt;&lt;p&gt;Floating point&lt;/p&gt;&lt;p&gt;Minimum: 0.000000&lt;/p&gt;&lt;p&gt;Maximum: 10.000000&lt;/p&gt;&lt;p&gt;Default: 5.000000&lt;/p&gt;</dialogReference>
      </param>
      <param name="STYLE" displayname="Style" type="Optional" direction="Output">
        <dialogReference>&lt;p&gt;Style&lt;/p&gt;&lt;p&gt;Choice&lt;/p&gt;&lt;p&gt;Available Choices:&lt;/p&gt;&lt;p&gt;[0] one&lt;/p&gt;&lt;p&gt;[1] two&lt;/p&gt;&lt;p&gt;Default: 0&lt;/p&gt;</dialogReference>
      </param>
    </parameters>
  </tool>
  <dataIdInfo>
    <idCitation>
      <resTitle>Focal Mechanism (Beachball Plots)</resTitle>
    </idCitation>
    <idCredit>O.Conrad (c) 2018</idCredit>
    <searchKeys>
      <SAGA></SAGA>
    </searchKeys>
  </dataIdInfo>
</metadata>
