<?xml version="1.0" encoding="UTF-8"?>
<metadata xml:lang="en">
  <Esri>
    <CreaDate>20150910</CreaDate>
    <CreaTime>11550000</CreaTime>
    <ArcGISFormat>1.0</ArcGISFormat>
    <SyncOnce>TRUE</SyncOnce>
    <ArcGISProfile>ItemDescription</ArcGISProfile>
  </Esri>
  <tool name="tool_6" displayname="Split Lines with Lines">
    <parameters>
      <param name="LINES" displayname="Lines" type="Required" direction="Input">
        <dialogReference>&lt;p&gt;Lines&lt;/p&gt;&lt;p&gt;Shapes (input)&lt;/p&gt;</dialogReference>
      </param>
      <param name="SPLIT" displayname="Split Features" type="Required" direction="Input">
        <dialogReference>&lt;p&gt;Split Features&lt;/p&gt;&lt;p&gt;Shapes (input)&lt;/p&gt;</dialogReference>
      </param>
      <param name="INTERSECT" displayname="Intersection" type="Required" direction="Output">
        <dialogReference>&lt;p&gt;Intersection&lt;/p&gt;&lt;p&gt;Shapes (output)&lt;/p&gt;</dialogReference>
      </param>
      <param name="OUTPUT" displayname="Output" type="Optional" direction="Output">
        <dialogReference>&lt;p&gt;Output&lt;/p&gt;&lt;p&gt;Choice&lt;/p&gt;&lt;p&gt;Available Choices:&lt;/p&gt;&lt;p&gt;[0] polylines&lt;/p&gt;&lt;p&gt;[1] separate lines&lt;/p&gt;&lt;p&gt;Default: 1&lt;/p&gt;</dialogReference>
      </param>
    </parameters>
  </tool>
  <dataIdInfo>
    <idCitation>
      <resTitle>Split Lines with Lines</resTitle>
    </idCitation>
    <idCredit>O. Conrad (c) 2014</idCredit>
    <searchKeys>
      <SAGA></SAGA>
    </searchKeys>
  </dataIdInfo>
</metadata>
