<?xml version="1.0" encoding="UTF-8"?>
<metadata xml:lang="en">
  <Esri>
    <CreaDate>20150910</CreaDate>
    <CreaTime>11550000</CreaTime>
    <ArcGISFormat>1.0</ArcGISFormat>
    <SyncOnce>TRUE</SyncOnce>
    <ArcGISProfile>ItemDescription</ArcGISProfile>
  </Esri>
  <tool name="tool_23" displayname="Merge Tables">
    <parameters>
      <param name="INPUT" displayname="Tables" type="Required" direction="Input">
        <dialogReference>&lt;p&gt;Tables&lt;/p&gt;&lt;p&gt;Table list (input)&lt;/p&gt;&lt;p&gt;The resulting table inherits its field structure from the first table in this list.&lt;/p&gt;</dialogReference>
      </param>
      <param name="MERGED" displayname="Merged Table" type="Required" direction="Output">
        <dialogReference>&lt;p&gt;Merged Table&lt;/p&gt;&lt;p&gt;Table (output)&lt;/p&gt;</dialogReference>
      </param>
      <param name="SRCINFO" displayname="Add Source Information" type="Optional" direction="Output">
        <dialogReference>&lt;p&gt;Add Source Information&lt;/p&gt;&lt;p&gt;Boolean&lt;/p&gt;&lt;p&gt;Default: 1&lt;/p&gt;&lt;p&gt;Adds a field with the name of the original input data set.&lt;/p&gt;</dialogReference>
      </param>
      <param name="MATCH" displayname="Match Fields by Name" type="Optional" direction="Output">
        <dialogReference>&lt;p&gt;Match Fields by Name&lt;/p&gt;&lt;p&gt;Boolean&lt;/p&gt;&lt;p&gt;Default: 1&lt;/p&gt;</dialogReference>
      </param>
    </parameters>
  </tool>
  <dataIdInfo>
    <idCitation>
      <resTitle>Merge Tables</resTitle>
    </idCitation>
    <idCredit>O.Conrad (c) 2014</idCredit>
    <searchKeys>
      <SAGA></SAGA>
    </searchKeys>
  </dataIdInfo>
</metadata>
