<?xml version="1.0" encoding="UTF-8"?>
<metadata xml:lang="en">
  <Esri>
    <CreaDate>20150910</CreaDate>
    <CreaTime>11550000</CreaTime>
    <ArcGISFormat>1.0</ArcGISFormat>
    <SyncOnce>TRUE</SyncOnce>
    <ArcGISProfile>ItemDescription</ArcGISProfile>
  </Esri>
  <tool name="tool_25" displayname="Select Shapes from List">
    <parameters>
      <param name="SHAPESLIST" displayname="Shapes List" type="Required" direction="Input">
        <dialogReference>&lt;p&gt;Shapes List&lt;/p&gt;&lt;p&gt;Shapes list (input)&lt;/p&gt;&lt;p&gt;The input shapes list.&lt;/p&gt;</dialogReference>
      </param>
      <param name="SHAPES" displayname="Shapes" type="Optional" direction="Output">
        <dialogReference>&lt;p&gt;Shapes&lt;/p&gt;&lt;p&gt;Shapes (optional output)&lt;/p&gt;&lt;p&gt;optional&lt;/p&gt;&lt;p&gt;The shapefile picked from the shapes list.&lt;/p&gt;</dialogReference>
      </param>
      <param name="INDEX" displayname="Index" type="Optional" direction="Output">
        <dialogReference>&lt;p&gt;Index&lt;/p&gt;&lt;p&gt;Integer&lt;/p&gt;&lt;p&gt;Minimum: 0&lt;/p&gt;&lt;p&gt;Default: 0&lt;/p&gt;&lt;p&gt;The list index of the shapefile to pick. Indices start at zero.&lt;/p&gt;</dialogReference>
      </param>
    </parameters>
  </tool>
  <dataIdInfo>
    <idCitation>
      <resTitle>Select Shapes from List</resTitle>
    </idCitation>
    <idCredit>V. Wichmann (c) 2016</idCredit>
    <searchKeys>
      <SAGA></SAGA>
    </searchKeys>
  </dataIdInfo>
</metadata>
