<?xml version="1.0" encoding="UTF-8"?>
<metadata xml:lang="en">
  <Esri>
    <CreaDate>20150910</CreaDate>
    <CreaTime>11550000</CreaTime>
    <ArcGISFormat>1.0</ArcGISFormat>
    <SyncOnce>TRUE</SyncOnce>
    <ArcGISProfile>ItemDescription</ArcGISProfile>
  </Esri>
  <tool name="tool_5" displayname="Convert Polygon/Line Vertices to Points">
    <parameters>
      <param name="SHAPES" displayname="Shapes" type="Required" direction="Input">
        <dialogReference>&lt;p&gt;Shapes&lt;/p&gt;&lt;p&gt;Shapes (input)&lt;/p&gt;</dialogReference>
      </param>
      <param name="POINTS" displayname="Points" type="Required" direction="Output">
        <dialogReference>&lt;p&gt;Points&lt;/p&gt;&lt;p&gt;Shapes (output)&lt;/p&gt;</dialogReference>
      </param>
    </parameters>
  </tool>
  <dataIdInfo>
    <idCitation>
      <resTitle>Convert Polygon/Line Vertices to Points</resTitle>
    </idCitation>
    <idCredit>O. Conrad (c) 2008</idCredit>
    <searchKeys>
      <SAGA></SAGA>
    </searchKeys>
  </dataIdInfo>
</metadata>
