<?xml version="1.0" encoding="UTF-8"?>
<metadata xml:lang="en">
  <Esri>
    <CreaDate>20150910</CreaDate>
    <CreaTime>11550000</CreaTime>
    <ArcGISFormat>1.0</ArcGISFormat>
    <SyncOnce>TRUE</SyncOnce>
    <ArcGISProfile>ItemDescription</ArcGISProfile>
  </Esri>
  <tool name="tool_10" displayname="Inverse Principle Components Rotation">
    <parameters>
      <param name="PCA" displayname="Principle Components" type="Required" direction="Input">
        <dialogReference>&lt;p&gt;Principle Components&lt;/p&gt;&lt;p&gt;Grid list (input)&lt;/p&gt;</dialogReference>
      </param>
      <param name="EIGEN" displayname="Eigen Vectors" type="Required" direction="Input">
        <dialogReference>&lt;p&gt;Eigen Vectors&lt;/p&gt;&lt;p&gt;Table (input)&lt;/p&gt;</dialogReference>
      </param>
      <param name="GRIDS" displayname="Grids" type="Required" direction="Output">
        <dialogReference>&lt;p&gt;Grids&lt;/p&gt;&lt;p&gt;Grid list (output)&lt;/p&gt;</dialogReference>
      </param>
    </parameters>
  </tool>
  <dataIdInfo>
    <idCitation>
      <resTitle>Inverse Principle Components Rotation</resTitle>
    </idCitation>
    <idCredit>O.Conrad (c) 2011</idCredit>
    <searchKeys>
      <SAGA></SAGA>
    </searchKeys>
  </dataIdInfo>
</metadata>
