<?xml version="1.0" encoding="UTF-8"?>
<metadata xml:lang="en">
  <Esri>
    <CreaDate>20150910</CreaDate>
    <CreaTime>11550000</CreaTime>
    <ArcGISFormat>1.0</ArcGISFormat>
    <SyncOnce>TRUE</SyncOnce>
    <ArcGISProfile>ItemDescription</ArcGISProfile>
  </Esri>
  <tool name="tool_5" displayname="GWR for Multiple Predictors (Gridded Model Output)">
    <parameters>
      <param name="POINTS" displayname="Points" type="Required" direction="Input">
        <dialogReference>&lt;p&gt;Points&lt;/p&gt;&lt;p&gt;Shapes (input)&lt;/p&gt;</dialogReference>
      </param>
      <param name="DEPENDENT" displayname="Dependent Variable" type="Optional" direction="Output">
        <dialogReference>&lt;p&gt;Dependent Variable&lt;/p&gt;&lt;p&gt;Table field&lt;/p&gt;</dialogReference>
      </param>
      <param name="PREDICTORS" displayname="Predictors" type="Optional" direction="Output">
        <dialogReference>&lt;p&gt;Predictors&lt;/p&gt;&lt;p&gt;Table fields&lt;/p&gt;</dialogReference>
      </param>
      <param name="REGRESSION" displayname="Regression" type="Required" direction="Output">
        <dialogReference>&lt;p&gt;Regression&lt;/p&gt;&lt;p&gt;Shapes (output)&lt;/p&gt;</dialogReference>
      </param>
      <param name="TARGET_USER_SIZE" displayname="Cellsize" type="Optional" direction="Output">
        <dialogReference>&lt;p&gt;Cellsize&lt;/p&gt;&lt;p&gt;Floating point&lt;/p&gt;&lt;p&gt;Minimum: 0.000000&lt;/p&gt;&lt;p&gt;Default: 1.000000&lt;/p&gt;</dialogReference>
      </param>
      <param name="QUALITY" displayname="Quality" type="Required" direction="Output">
        <dialogReference>&lt;p&gt;Quality&lt;/p&gt;&lt;p&gt;Grid (output)&lt;/p&gt;</dialogReference>
      </param>
      <param name="INTERCEPT" displayname="Intercept" type="Required" direction="Output">
        <dialogReference>&lt;p&gt;Intercept&lt;/p&gt;&lt;p&gt;Grid (output)&lt;/p&gt;</dialogReference>
      </param>
      <param name="SLOPES" displayname="Slopes" type="Required" direction="Output">
        <dialogReference>&lt;p&gt;Slopes&lt;/p&gt;&lt;p&gt;Grid list (output)&lt;/p&gt;</dialogReference>
      </param>
      <param name="DW_WEIGHTING" displayname="Weighting Function" type="Optional" direction="Output">
        <dialogReference>&lt;p&gt;Weighting Function&lt;/p&gt;&lt;p&gt;Choice&lt;/p&gt;&lt;p&gt;Available Choices:&lt;/p&gt;&lt;p&gt;[0] no distance weighting&lt;/p&gt;&lt;p&gt;[1] inverse distance to a power&lt;/p&gt;&lt;p&gt;[2] exponential&lt;/p&gt;&lt;p&gt;[3] gaussian weighting&lt;/p&gt;&lt;p&gt;Default: 3&lt;/p&gt;</dialogReference>
      </param>
      <param name="DW_IDW_POWER" displayname="Inverse Distance Weighting Power" type="Optional" direction="Output">
        <dialogReference>&lt;p&gt;Inverse Distance Weighting Power&lt;/p&gt;&lt;p&gt;Floating point&lt;/p&gt;&lt;p&gt;Minimum: 0.000000&lt;/p&gt;&lt;p&gt;Default: 1.000000&lt;/p&gt;</dialogReference>
      </param>
      <param name="DW_IDW_OFFSET" displayname="Inverse Distance Offset" type="Optional" direction="Output">
        <dialogReference>&lt;p&gt;Inverse Distance Offset&lt;/p&gt;&lt;p&gt;Boolean&lt;/p&gt;&lt;p&gt;Default: 1&lt;/p&gt;&lt;p&gt;Calculates weights for distance plus one, avoiding division by zero for zero distances&lt;/p&gt;</dialogReference>
      </param>
      <param name="DW_BANDWIDTH" displayname="Gaussian and Exponential Weighting Bandwidth" type="Optional" direction="Output">
        <dialogReference>&lt;p&gt;Gaussian and Exponential Weighting Bandwidth&lt;/p&gt;&lt;p&gt;Floating point&lt;/p&gt;&lt;p&gt;Minimum: 0.000000&lt;/p&gt;&lt;p&gt;Default: 1.000000&lt;/p&gt;</dialogReference>
      </param>
      <param name="SEARCH_RANGE" displayname="Search Range" type="Optional" direction="Output">
        <dialogReference>&lt;p&gt;Search Range&lt;/p&gt;&lt;p&gt;Choice&lt;/p&gt;&lt;p&gt;Available Choices:&lt;/p&gt;&lt;p&gt;[0] local&lt;/p&gt;&lt;p&gt;[1] global&lt;/p&gt;&lt;p&gt;Default: 1&lt;/p&gt;</dialogReference>
      </param>
      <param name="SEARCH_RADIUS" displayname="Maximum Search Distance" type="Optional" direction="Output">
        <dialogReference>&lt;p&gt;Maximum Search Distance&lt;/p&gt;&lt;p&gt;Floating point&lt;/p&gt;&lt;p&gt;Minimum: 0.000000&lt;/p&gt;&lt;p&gt;Default: 1000.000000&lt;/p&gt;&lt;p&gt;local maximum search distance given in map units&lt;/p&gt;</dialogReference>
      </param>
      <param name="SEARCH_POINTS_ALL" displayname="Number of Points" type="Optional" direction="Output">
        <dialogReference>&lt;p&gt;Number of Points&lt;/p&gt;&lt;p&gt;Choice&lt;/p&gt;&lt;p&gt;Available Choices:&lt;/p&gt;&lt;p&gt;[0] maximum number of nearest points&lt;/p&gt;&lt;p&gt;[1] all points within search distance&lt;/p&gt;&lt;p&gt;Default: 1&lt;/p&gt;</dialogReference>
      </param>
      <param name="SEARCH_POINTS_MIN" displayname="Minimum" type="Optional" direction="Output">
        <dialogReference>&lt;p&gt;Minimum&lt;/p&gt;&lt;p&gt;Integer&lt;/p&gt;&lt;p&gt;Minimum: 0&lt;/p&gt;&lt;p&gt;Default: 16&lt;/p&gt;&lt;p&gt;minimum number of points to use&lt;/p&gt;</dialogReference>
      </param>
      <param name="SEARCH_POINTS_MAX" displayname="Maximum" type="Optional" direction="Output">
        <dialogReference>&lt;p&gt;Maximum&lt;/p&gt;&lt;p&gt;Integer&lt;/p&gt;&lt;p&gt;Minimum: 0&lt;/p&gt;&lt;p&gt;Default: 20&lt;/p&gt;&lt;p&gt;maximum number of nearest points&lt;/p&gt;</dialogReference>
      </param>
      <param name="SEARCH_DIRECTION" displayname="Direction" type="Optional" direction="Output">
        <dialogReference>&lt;p&gt;Direction&lt;/p&gt;&lt;p&gt;Choice&lt;/p&gt;&lt;p&gt;Available Choices:&lt;/p&gt;&lt;p&gt;[0] all directions&lt;/p&gt;&lt;p&gt;[1] quadrants&lt;/p&gt;&lt;p&gt;Default: 0&lt;/p&gt;</dialogReference>
      </param>
    </parameters>
  </tool>
  <dataIdInfo>
    <idCitation>
      <resTitle>GWR for Multiple Predictors (Gridded Model Output)</resTitle>
    </idCitation>
    <idCredit>O.Conrad (c) 2010</idCredit>
    <searchKeys>
      <SAGA></SAGA>
    </searchKeys>
  </dataIdInfo>
</metadata>
