<?xml version="1.0" encoding="UTF-8"?>
<metadata xml:lang="en">
  <Esri>
    <CreaDate>20150910</CreaDate>
    <CreaTime>11550000</CreaTime>
    <ArcGISFormat>1.0</ArcGISFormat>
    <SyncOnce>TRUE</SyncOnce>
    <ArcGISProfile>ItemDescription</ArcGISProfile>
  </Esri>
  <tool name="tool_18" displayname="Evaluate Statistics for Grids">
    <parameters>
      <param name="COUNT" displayname="Number of Values" type="Optional" direction="Input">
        <dialogReference>&lt;p&gt;Number of Values&lt;/p&gt;&lt;p&gt;Grid (optional input)&lt;/p&gt;&lt;p&gt;optional&lt;/p&gt;</dialogReference>
      </param>
      <param name="SUM" displayname="Sum" type="Optional" direction="Input">
        <dialogReference>&lt;p&gt;Sum&lt;/p&gt;&lt;p&gt;Grid (optional input)&lt;/p&gt;&lt;p&gt;optional&lt;/p&gt;</dialogReference>
      </param>
      <param name="SUM2" displayname="Sum of Squares" type="Optional" direction="Input">
        <dialogReference>&lt;p&gt;Sum of Squares&lt;/p&gt;&lt;p&gt;Grid (optional input)&lt;/p&gt;&lt;p&gt;optional&lt;/p&gt;</dialogReference>
      </param>
      <param name="MIN" displayname="Minimum" type="Optional" direction="Input">
        <dialogReference>&lt;p&gt;Minimum&lt;/p&gt;&lt;p&gt;Grid (optional input)&lt;/p&gt;&lt;p&gt;optional&lt;/p&gt;</dialogReference>
      </param>
      <param name="MAX" displayname="Maximum" type="Optional" direction="Input">
        <dialogReference>&lt;p&gt;Maximum&lt;/p&gt;&lt;p&gt;Grid (optional input)&lt;/p&gt;&lt;p&gt;optional&lt;/p&gt;</dialogReference>
      </param>
      <param name="RANGE" displayname="Range" type="Required" direction="Output">
        <dialogReference>&lt;p&gt;Range&lt;/p&gt;&lt;p&gt;Grid (output)&lt;/p&gt;</dialogReference>
      </param>
      <param name="MEAN" displayname="Arithmetic Mean" type="Required" direction="Output">
        <dialogReference>&lt;p&gt;Arithmetic Mean&lt;/p&gt;&lt;p&gt;Grid (output)&lt;/p&gt;</dialogReference>
      </param>
      <param name="VAR" displayname="Variance" type="Required" direction="Output">
        <dialogReference>&lt;p&gt;Variance&lt;/p&gt;&lt;p&gt;Grid (output)&lt;/p&gt;</dialogReference>
      </param>
      <param name="STDDEV" displayname="Standard Deviation" type="Required" direction="Output">
        <dialogReference>&lt;p&gt;Standard Deviation&lt;/p&gt;&lt;p&gt;Grid (output)&lt;/p&gt;</dialogReference>
      </param>
      <param name="QUANTILES" displayname="Percentiles" type="Optional" direction="Output">
        <dialogReference>&lt;p&gt;Percentiles&lt;/p&gt;&lt;p&gt;Grid list (optional output)&lt;/p&gt;&lt;p&gt;optional&lt;/p&gt;</dialogReference>
      </param>
      <param name="QUANTVALS" displayname="Percentiles" type="Optional" direction="Output">
        <dialogReference>&lt;p&gt;Percentiles&lt;/p&gt;&lt;p&gt;Text&lt;/p&gt;&lt;p&gt;Default: 5; 25; 50; 75; 95&lt;/p&gt;&lt;p&gt;Separate the desired percentiles by semicolon&lt;/p&gt;</dialogReference>
      </param>
    </parameters>
  </tool>
  <dataIdInfo>
    <idCitation>
      <resTitle>Evaluate Statistics for Grids</resTitle>
    </idCitation>
    <idCredit>O.Conrad (c) 2018</idCredit>
    <searchKeys>
      <SAGA></SAGA>
    </searchKeys>
  </dataIdInfo>
</metadata>
