<?xml version="1.0" encoding="UTF-8"?>
<metadata xml:lang="en">
  <Esri>
    <CreaDate>20150910</CreaDate>
    <CreaTime>11550000</CreaTime>
    <ArcGISFormat>1.0</ArcGISFormat>
    <SyncOnce>TRUE</SyncOnce>
    <ArcGISProfile>ItemDescription</ArcGISProfile>
  </Esri>
  <tool name="tool_6" displayname="Burn Stream Network into DEM">
    <parameters>
      <param name="DEM" displayname="DEM" type="Required" direction="Input">
        <dialogReference>&lt;p&gt;DEM&lt;/p&gt;&lt;p&gt;Grid (input)&lt;/p&gt;</dialogReference>
      </param>
      <param name="BURN" displayname="Processed DEM" type="Optional" direction="Output">
        <dialogReference>&lt;p&gt;Processed DEM&lt;/p&gt;&lt;p&gt;Grid (optional output)&lt;/p&gt;&lt;p&gt;optional&lt;/p&gt;</dialogReference>
      </param>
      <param name="STREAM" displayname="Streams" type="Required" direction="Input">
        <dialogReference>&lt;p&gt;Streams&lt;/p&gt;&lt;p&gt;Grid (input)&lt;/p&gt;</dialogReference>
      </param>
      <param name="FLOWDIR" displayname="Flow Direction" type="Required" direction="Input">
        <dialogReference>&lt;p&gt;Flow Direction&lt;/p&gt;&lt;p&gt;Grid (input)&lt;/p&gt;</dialogReference>
      </param>
      <param name="METHOD" displayname="Method" type="Optional" direction="Output">
        <dialogReference>&lt;p&gt;Method&lt;/p&gt;&lt;p&gt;Choice&lt;/p&gt;&lt;p&gt;Available Choices:&lt;/p&gt;&lt;p&gt;[0] simply decrease cell's value by epsilon&lt;/p&gt;&lt;p&gt;[1] lower cell's value to neighbours minimum value minus epsilon&lt;/p&gt;&lt;p&gt;[2] trace stream network downstream&lt;/p&gt;&lt;p&gt;Default: 0&lt;/p&gt;</dialogReference>
      </param>
      <param name="EPSILON" displayname="Epsilon" type="Optional" direction="Output">
        <dialogReference>&lt;p&gt;Epsilon&lt;/p&gt;&lt;p&gt;Floating point&lt;/p&gt;&lt;p&gt;Minimum: 0.000000&lt;/p&gt;&lt;p&gt;Default: 1.000000&lt;/p&gt;</dialogReference>
      </param>
    </parameters>
  </tool>
  <dataIdInfo>
    <idCitation>
      <resTitle>Burn Stream Network into DEM</resTitle>
    </idCitation>
    <idCredit>O.Conrad (c) 2011</idCredit>
    <searchKeys>
      <SAGA></SAGA>
    </searchKeys>
  </dataIdInfo>
</metadata>
