<?xml version="1.0" encoding="UTF-8"?>
<metadata xml:lang="en">
  <Esri>
    <CreaDate>20150910</CreaDate>
    <CreaTime>11550000</CreaTime>
    <ArcGISFormat>1.0</ArcGISFormat>
    <SyncOnce>TRUE</SyncOnce>
    <ArcGISProfile>ItemDescription</ArcGISProfile>
  </Esri>
  <tool name="tool_3" displayname="Cross Profiles">
    <parameters>
      <param name="DEM" displayname="DEM" type="Required" direction="Input">
        <dialogReference>&lt;p&gt;DEM&lt;/p&gt;&lt;p&gt;Grid (input)&lt;/p&gt;</dialogReference>
      </param>
      <param name="LINES" displayname="Lines" type="Required" direction="Input">
        <dialogReference>&lt;p&gt;Lines&lt;/p&gt;&lt;p&gt;Shapes (input)&lt;/p&gt;</dialogReference>
      </param>
      <param name="PROFILES" displayname="Cross Profiles" type="Required" direction="Output">
        <dialogReference>&lt;p&gt;Cross Profiles&lt;/p&gt;&lt;p&gt;Shapes (output)&lt;/p&gt;</dialogReference>
      </param>
      <param name="DIST_LINE" displayname="Profile Distance" type="Optional" direction="Output">
        <dialogReference>&lt;p&gt;Profile Distance&lt;/p&gt;&lt;p&gt;Floating point&lt;/p&gt;&lt;p&gt;Minimum: 0.000000&lt;/p&gt;&lt;p&gt;Default: 10.000000&lt;/p&gt;</dialogReference>
      </param>
      <param name="DIST_PROFILE" displayname="Profile Length" type="Optional" direction="Output">
        <dialogReference>&lt;p&gt;Profile Length&lt;/p&gt;&lt;p&gt;Floating point&lt;/p&gt;&lt;p&gt;Minimum: 0.000000&lt;/p&gt;&lt;p&gt;Default: 10.000000&lt;/p&gt;</dialogReference>
      </param>
      <param name="NUM_PROFILE" displayname="Profile Samples" type="Optional" direction="Output">
        <dialogReference>&lt;p&gt;Profile Samples&lt;/p&gt;&lt;p&gt;Integer&lt;/p&gt;&lt;p&gt;Minimum: 0&lt;/p&gt;&lt;p&gt;Default: 10&lt;/p&gt;</dialogReference>
      </param>
    </parameters>
  </tool>
  <dataIdInfo>
    <idCitation>
      <resTitle>Cross Profiles</resTitle>
    </idCitation>
    <idCredit>O.Conrad (c) 2006</idCredit>
    <searchKeys>
      <SAGA></SAGA>
    </searchKeys>
  </dataIdInfo>
</metadata>
