<?xml version="1.0" encoding="UTF-8"?>
<metadata xml:lang="en">
  <Esri>
    <CreaDate>20150910</CreaDate>
    <CreaTime>11550000</CreaTime>
    <ArcGISFormat>1.0</ArcGISFormat>
    <SyncOnce>TRUE</SyncOnce>
    <ArcGISProfile>ItemDescription</ArcGISProfile>
  </Esri>
  <tool name="tool_27" displayname="Flow between fields">
    <parameters>
      <param name="ELEVATION" displayname="Elevation" type="Required" direction="Input">
        <dialogReference>&lt;p&gt;Elevation&lt;/p&gt;&lt;p&gt;Grid (input)&lt;/p&gt;</dialogReference>
      </param>
      <param name="FIELDS" displayname="FIELDS" type="Required" direction="Input">
        <dialogReference>&lt;p&gt;FIELDS&lt;/p&gt;&lt;p&gt;Grid (input)&lt;/p&gt;</dialogReference>
      </param>
      <param name="FLOW" displayname="Flow table" type="Required" direction="Output">
        <dialogReference>&lt;p&gt;Flow table&lt;/p&gt;&lt;p&gt;Table (output)&lt;/p&gt;&lt;p&gt;Table containing the flow from and to each field&lt;/p&gt;</dialogReference>
      </param>
      <param name="UPAREA" displayname="Uparea" type="Required" direction="Output">
        <dialogReference>&lt;p&gt;Uparea&lt;/p&gt;&lt;p&gt;Grid (output)&lt;/p&gt;&lt;p&gt;uparea&lt;/p&gt;</dialogReference>
      </param>
      <param name="STOP" displayname="Stop at edge" type="Optional" direction="Output">
        <dialogReference>&lt;p&gt;Stop at edge&lt;/p&gt;&lt;p&gt;Boolean&lt;/p&gt;&lt;p&gt;Default: 1&lt;/p&gt;&lt;p&gt;Stop flow at the edge of a field&lt;/p&gt;</dialogReference>
      </param>
    </parameters>
  </tool>
  <dataIdInfo>
    <idCitation>
      <resTitle>Flow between fields</resTitle>
    </idCitation>
    <idCredit>Johan Van de Wauw, 2017</idCredit>
    <searchKeys>
      <SAGA></SAGA>
    </searchKeys>
  </dataIdInfo>
</metadata>
