<?xml version="1.0" encoding="UTF-8"?>
<metadata xml:lang="en">
  <Esri>
    <CreaDate>20150910</CreaDate>
    <CreaTime>11550000</CreaTime>
    <ArcGISFormat>1.0</ArcGISFormat>
    <SyncOnce>TRUE</SyncOnce>
    <ArcGISProfile>ItemDescription</ArcGISProfile>
  </Esri>
  <tool name="tool_27" displayname="Wind Exposition Index">
    <parameters>
      <param name="DEM" displayname="Elevation" type="Required" direction="Input">
        <dialogReference>&lt;p&gt;Elevation&lt;/p&gt;&lt;p&gt;Grid (input)&lt;/p&gt;</dialogReference>
      </param>
      <param name="EXPOSITION" displayname="Wind Exposition" type="Required" direction="Output">
        <dialogReference>&lt;p&gt;Wind Exposition&lt;/p&gt;&lt;p&gt;Grid (output)&lt;/p&gt;</dialogReference>
      </param>
      <param name="MAXDIST" displayname="Search Distance [km]" type="Optional" direction="Output">
        <dialogReference>&lt;p&gt;Search Distance [km]&lt;/p&gt;&lt;p&gt;Floating point&lt;/p&gt;&lt;p&gt;Minimum: 0.000000&lt;/p&gt;&lt;p&gt;Default: 300.000000&lt;/p&gt;</dialogReference>
      </param>
      <param name="STEP" displayname="Angular Step Size (Degree)" type="Optional" direction="Output">
        <dialogReference>&lt;p&gt;Angular Step Size (Degree)&lt;/p&gt;&lt;p&gt;Floating point&lt;/p&gt;&lt;p&gt;Minimum: 0.000000&lt;/p&gt;&lt;p&gt;Maximum: 45.000000&lt;/p&gt;&lt;p&gt;Default: 15.000000&lt;/p&gt;</dialogReference>
      </param>
      <param name="OLDVER" displayname="Old Version" type="Optional" direction="Output">
        <dialogReference>&lt;p&gt;Old Version&lt;/p&gt;&lt;p&gt;Boolean&lt;/p&gt;&lt;p&gt;Default: 0&lt;/p&gt;&lt;p&gt;use old version for constant wind direction (no acceleration and averaging option)&lt;/p&gt;</dialogReference>
      </param>
      <param name="ACCEL" displayname="Acceleration" type="Optional" direction="Output">
        <dialogReference>&lt;p&gt;Acceleration&lt;/p&gt;&lt;p&gt;Floating point&lt;/p&gt;&lt;p&gt;Minimum: 0.000000&lt;/p&gt;&lt;p&gt;Default: 1.500000&lt;/p&gt;</dialogReference>
      </param>
      <param name="PYRAMIDS" displayname="Elevation Averaging" type="Optional" direction="Output">
        <dialogReference>&lt;p&gt;Elevation Averaging&lt;/p&gt;&lt;p&gt;Boolean&lt;/p&gt;&lt;p&gt;Default: 0&lt;/p&gt;&lt;p&gt;use more averaged elevations when looking at increasing distances&lt;/p&gt;</dialogReference>
      </param>
    </parameters>
  </tool>
  <dataIdInfo>
    <idCitation>
      <resTitle>Wind Exposition Index</resTitle>
    </idCitation>
    <idCredit>J.Boehner, O.Conrad (c) 2015</idCredit>
    <searchKeys>
      <SAGA></SAGA>
    </searchKeys>
  </dataIdInfo>
</metadata>
