<?xml version="1.0" encoding="UTF-8"?>
<metadata xml:lang="en">
  <Esri>
    <CreaDate>20150910</CreaDate>
    <CreaTime>11550000</CreaTime>
    <ArcGISFormat>1.0</ArcGISFormat>
    <SyncOnce>TRUE</SyncOnce>
    <ArcGISProfile>ItemDescription</ArcGISProfile>
  </Esri>
  <tool name="tool_7" displayname="Potential Annual Insolation">
    <parameters>
      <param name="DEM" displayname="Elevation" type="Required" direction="Input">
        <dialogReference>&lt;p&gt;Elevation&lt;/p&gt;&lt;p&gt;Grid (input)&lt;/p&gt;</dialogReference>
      </param>
      <param name="STEPS" displayname="Number of Steps" type="Optional" direction="Output">
        <dialogReference>&lt;p&gt;Number of Steps&lt;/p&gt;&lt;p&gt;Integer&lt;/p&gt;&lt;p&gt;Minimum: 0&lt;/p&gt;&lt;p&gt;Maximum: 365&lt;/p&gt;&lt;p&gt;Default: 14&lt;/p&gt;&lt;p&gt;Number of time steps per year.&lt;/p&gt;</dialogReference>
      </param>
      <param name="UNITS" displayname="Units" type="Optional" direction="Output">
        <dialogReference>&lt;p&gt;Units&lt;/p&gt;&lt;p&gt;Choice&lt;/p&gt;&lt;p&gt;Available Choices:&lt;/p&gt;&lt;p&gt;[0] kWh / m2&lt;/p&gt;&lt;p&gt;[1] kJ / m2&lt;/p&gt;&lt;p&gt;[2] J / cm2&lt;/p&gt;&lt;p&gt;Default: 0&lt;/p&gt;&lt;p&gt;Units for output radiation values.&lt;/p&gt;</dialogReference>
      </param>
      <param name="HOUR_STEP" displayname="Resolution [h]" type="Optional" direction="Output">
        <dialogReference>&lt;p&gt;Resolution [h]&lt;/p&gt;&lt;p&gt;Floating point&lt;/p&gt;&lt;p&gt;Minimum: 0.000000&lt;/p&gt;&lt;p&gt;Maximum: 24.000000&lt;/p&gt;&lt;p&gt;Default: 0.500000&lt;/p&gt;&lt;p&gt;Time step size for a day's calculation given in hours.&lt;/p&gt;</dialogReference>
      </param>
      <param name="YEAR" displayname="Reference Year" type="Optional" direction="Output">
        <dialogReference>&lt;p&gt;Reference Year&lt;/p&gt;&lt;p&gt;Integer&lt;/p&gt;&lt;p&gt;Default: 2000&lt;/p&gt;</dialogReference>
      </param>
    </parameters>
  </tool>
  <dataIdInfo>
    <idCitation>
      <resTitle>Potential Annual Insolation</resTitle>
    </idCitation>
    <idCredit>O.Conrad (c) 2018</idCredit>
    <searchKeys>
      <SAGA></SAGA>
    </searchKeys>
  </dataIdInfo>
</metadata>
